age,income,credit_score,loan_amount,loan_term_months,employment_years,num_of_credit_cards,previous_defaults,debt_to_income_ratio,default
59,152632,453,47543,36,9,5,2,0.7,1
49,99148,689,19559,48,30,2,4,0.49,1
35,103186,559,43914,12,32,3,3,0.43,1
63,177817,424,38139,24,28,0,2,0.56,1
28,182962,653,43333,12,4,3,3,0.6,1
41,171094,572,13802,48,12,0,4,0.58,1
59,143629,544,13307,60,0,4,2,0.11,1
39,90316,749,45205,60,22,7,1,0.21,0
43,48380,546,38214,36,39,7,4,0.49,1
31,130198,819,39159,48,2,4,2,0.33,1
31,22356,440,16516,12,2,9,3,0.69,1
44,90326,661,34086,12,6,1,3,0.5,1
56,112447,307,35480,60,35,5,2,0.67,1
60,134994,777,49659,60,34,0,3,0.22,1
44,40049,651,43737,24,14,6,2,0.62,1
23,125361,794,14265,60,39,3,2,0.29,1
42,36082,726,10454,24,2,4,3,0.69,1
22,20661,338,40918,12,28,5,0,0.19,1
44,188484,486,31181,24,29,0,1,0.41,1
64,22920,392,20386,24,38,8,4,0.58,1
50,99561,385,44182,36,17,9,1,0.36,1
58,28946,343,42425,60,10,3,4,0.38,1
22,196572,436,48254,24,37,7,4,0.69,1
41,36309,720,29327,12,39,4,1,0.36,0
53,75230,373,26181,48,0,7,2,0.46,1
32,131822,847,26452,24,28,0,3,0.13,1
42,181099,811,43248,60,9,7,0,0.61,1
64,132340,455,45801,36,27,3,0,0.49,1
45,79321,554,38751,12,30,1,0,0.34,1
69,152028,470,26991,36,18,5,1,0.11,1
47,94131,469,46311,48,2,1,1,0.46,1
62,198980,621,14916,24,35,4,2,0.11,1
48,45963,755,15143,24,14,1,0,0.1,0
36,121757,454,30855,60,32,2,2,0.47,1
35,190515,648,20581,24,25,5,0,0.21,0
67,119259,750,6907,12,15,0,1,0.22,0
64,59063,472,34424,48,35,5,3,0.49,1
23,134225,309,28308,36,32,2,3,0.13,1
57,136400,564,46984,48,19,6,3,0.29,1
27,100818,737,46505,24,12,1,3,0.19,1
41,24703,546,41942,36,32,5,4,0.45,1
29,92099,845,31957,60,4,7,0,0.5,1
59,176921,798,30464,48,36,0,3,0.53,1
38,182932,428,28649,36,13,8,4,0.25,1
24,51585,626,47065,36,26,4,4,0.15,1
45,173087,703,32125,36,22,4,4,0.15,1
34,63585,658,39758,12,13,4,2,0.36,1
29,46958,316,10596,48,39,5,2,0.67,1
46,46017,573,21374,36,3,1,4,0.23,1
22,144677,415,8775,48,38,5,3,0.25,1
40,196422,390,32388,36,18,3,0,0.16,1
48,163273,381,26029,60,3,7,1,0.46,1
67,49426,623,23445,60,29,8,2,0.51,1
27,37778,413,19645,60,18,8,3,0.49,1
64,196313,357,36105,24,30,7,3,0.62,1
28,62229,453,18668,36,30,2,1,0.39,1
67,106652,703,20960,24,8,9,1,0.18,0
55,148267,565,16357,48,12,3,3,0.27,1
34,199436,614,42203,24,13,0,1,0.5,1
37,146503,340,20804,48,9,8,3,0.47,1
56,104878,404,19626,48,30,4,1,0.42,1
60,77056,492,33132,48,36,5,1,0.51,1
24,178562,700,12951,24,22,2,3,0.48,1
22,39975,577,11449,36,26,9,4,0.63,1
26,177795,653,24065,24,5,7,3,0.45,1
62,174351,555,40967,36,25,6,0,0.57,1
24,162633,398,44536,36,1,0,1,0.25,1
49,108397,581,14130,48,12,9,2,0.51,1
38,53142,702,28824,24,18,4,1,0.64,1
46,46916,408,46401,36,0,9,0,0.33,1
64,84324,498,41993,60,39,8,2,0.57,1
54,196037,602,36875,36,31,5,2,0.53,1
30,145932,626,11054,60,21,7,3,0.14,1
56,155720,453,39273,24,28,9,4,0.45,1
34,186205,704,46821,24,1,0,3,0.18,1
51,116059,761,15832,24,39,9,2,0.68,1
68,118317,431,34670,36,37,6,2,0.59,1
35,55046,383,27852,12,10,2,4,0.17,1
28,198136,698,28620,36,16,8,1,0.17,0
34,121459,408,33307,36,7,5,4,0.46,1
43,65893,520,6551,48,21,4,3,0.31,1
60,121520,667,32812,48,3,7,1,0.12,0
41,145818,446,18799,36,10,7,3,0.42,1
36,81272,411,31312,60,7,2,4,0.33,1
65,87649,793,44620,48,8,1,1,0.16,0
38,84674,804,6449,36,25,1,4,0.58,1
67,164832,774,29426,12,1,4,0,0.65,1
44,172999,570,40427,60,15,9,2,0.55,1
46,106475,720,45277,24,30,6,1,0.59,1
45,81367,666,36551,36,5,7,2,0.23,1
65,163660,579,29277,36,20,9,0,0.26,1
61,141750,582,40489,60,25,7,1,0.23,0
49,138154,339,14637,48,18,7,2,0.56,1
35,64738,488,48258,48,27,9,2,0.67,1
65,53397,463,40693,48,7,2,1,0.53,1
21,102189,835,14824,24,13,1,2,0.63,1
45,96367,835,31950,60,23,3,2,0.48,1
27,140585,303,28488,60,36,0,1,0.33,1
29,96619,589,44008,48,25,2,2,0.36,1
44,131453,732,5215,48,30,8,2,0.15,1
21,39816,770,45067,12,31,6,3,0.12,1
64,193312,480,16523,12,1,6,3,0.52,1
28,157348,547,15364,36,24,0,0,0.36,1
44,99530,578,8153,36,1,6,3,0.43,1
31,174571,553,28834,60,0,9,3,0.43,1
37,128856,480,39474,60,35,6,0,0.27,1
28,91635,808,48066,24,11,3,2,0.39,1
55,127803,625,39335,24,8,6,2,0.38,1
55,55946,656,15400,12,35,7,3,0.33,1
53,75204,690,15345,36,27,2,0,0.59,1
25,35563,384,38896,12,37,9,2,0.37,1
62,112324,616,24894,12,32,1,4,0.46,1
59,29847,511,33899,36,21,6,1,0.64,1
61,46155,814,45635,24,24,4,1,0.62,1
48,99671,683,33229,36,17,4,1,0.63,1
27,136891,641,10583,48,5,4,3,0.26,1
29,103310,337,9897,48,17,6,1,0.12,1
28,169381,810,11001,48,15,8,1,0.26,0
32,151691,719,48881,60,14,7,4,0.27,1
54,54707,468,9567,24,7,5,2,0.65,1
53,171409,642,14271,24,12,6,4,0.49,1
68,101537,605,16703,60,6,8,3,0.15,1
43,198686,841,18329,12,16,5,1,0.18,0
44,111155,836,40509,48,31,0,2,0.19,1
57,20281,411,11256,48,21,3,1,0.48,1
55,178492,710,5228,12,12,7,1,0.54,1
64,190102,505,29746,36,22,6,3,0.62,1
60,152130,484,21678,36,28,2,1,0.66,1
42,96260,681,42052,24,21,9,0,0.22,0
47,179476,795,28185,60,0,2,2,0.29,1
55,180928,678,38686,24,28,2,2,0.24,1
21,160272,346,16445,36,4,0,0,0.32,1
55,84178,827,38266,12,34,9,3,0.65,1
57,53997,803,7809,24,9,0,1,0.45,0
67,176683,321,42729,48,18,5,1,0.54,1
34,139273,512,46785,48,36,0,2,0.39,1
23,192307,609,41547,12,6,4,3,0.12,1
21,186129,571,47818,36,34,3,3,0.14,1
25,152311,501,39886,48,12,4,3,0.42,1
46,146945,331,11391,48,9,6,1,0.53,1
34,65272,742,5145,60,1,5,3,0.23,1
59,109393,461,18929,24,5,8,0,0.53,1
47,81212,553,29326,36,7,5,4,0.59,1
29,166470,820,34991,24,35,8,3,0.35,1
35,140030,779,42333,36,24,3,4,0.55,1
35,76503,309,21576,48,39,0,1,0.34,1
46,157710,804,44405,60,6,0,3,0.51,1
62,26570,735,33464,24,22,9,2,0.56,1
33,88785,410,13243,48,18,6,1,0.7,1
52,29110,452,36601,36,21,2,0,0.31,1
59,99141,401,7410,24,12,1,0,0.35,1
69,32115,490,6820,24,20,5,4,0.2,1
52,59062,380,40289,48,0,5,4,0.22,1
24,42911,788,43650,24,18,6,2,0.52,1
50,124061,387,39635,60,32,4,2,0.65,1
57,52556,493,12465,60,3,7,0,0.34,1
43,148335,403,37439,48,2,6,3,0.21,1
59,21969,395,32314,36,26,1,0,0.27,1
65,63753,722,49229,48,34,0,0,0.37,0
35,155542,497,24583,60,27,8,2,0.27,1
63,141863,300,32155,12,5,4,4,0.24,1
49,30225,706,43871,12,5,4,2,0.54,1
56,143008,677,17197,24,22,9,2,0.1,1
33,174268,466,34511,24,32,3,2,0.42,1
52,125823,808,20424,12,15,1,0,0.58,1
27,33669,612,5240,60,23,4,3,0.26,1
42,188452,717,9631,24,4,1,0,0.46,1
48,144398,776,14599,48,12,6,1,0.5,1
22,130677,372,49462,48,11,8,2,0.49,1
62,68320,440,29658,60,4,8,2,0.37,1
65,198486,561,42845,24,36,5,1,0.31,1
26,166649,639,37574,48,30,0,2,0.6,1
48,145354,607,41536,24,27,5,2,0.56,1
48,108009,544,46910,24,27,4,2,0.29,1
64,48625,814,12995,48,29,3,1,0.16,0
64,44089,636,30186,12,17,5,0,0.14,0
40,56487,375,34245,48,26,5,2,0.16,1
50,130448,474,27813,60,34,5,3,0.45,1
31,70138,408,18276,36,25,1,1,0.13,1
48,193895,482,24989,48,38,6,4,0.3,1
45,188280,491,17746,24,17,3,1,0.55,1
59,74061,364,49243,24,32,8,0,0.28,1
53,181731,773,23557,48,24,9,1,0.56,1
21,121376,399,33060,36,30,1,4,0.55,1
47,182962,843,11568,48,36,4,3,0.25,1
33,99134,427,40369,36,1,3,4,0.54,1
61,67055,751,24041,36,32,8,1,0.55,1
23,39508,668,11080,60,38,3,4,0.34,1
59,193359,342,18854,24,31,7,1,0.23,1
26,178056,718,7159,24,17,7,3,0.41,1
28,130169,787,32025,36,16,5,3,0.65,1
47,28125,377,46081,24,33,5,0,0.48,1
29,56059,569,9368,12,38,7,3,0.2,1
57,123409,614,39085,36,6,9,2,0.51,1
53,168159,467,32094,24,34,8,4,0.36,1
62,25704,638,6230,12,29,4,4,0.45,1
64,131279,492,22517,60,11,0,1,0.54,1
44,178280,752,28991,24,34,0,3,0.41,1
35,138516,582,6301,12,10,1,0,0.59,1
52,190954,635,33610,48,3,9,0,0.53,1
52,176995,689,20927,48,24,9,0,0.47,1
44,134044,824,39678,12,31,4,2,0.19,1
61,49165,539,29466,36,19,3,3,0.6,1
69,87203,782,19904,36,30,0,0,0.66,1
69,24114,757,45875,24,3,3,2,0.18,1
32,56321,388,31081,48,37,3,4,0.39,1
59,93297,394,29354,36,0,9,1,0.26,1
22,116652,751,32761,36,2,3,3,0.55,1
23,119304,727,23300,48,36,0,3,0.53,1
69,176498,450,34491,60,21,8,4,0.18,1
57,37772,813,40525,36,16,2,3,0.63,1
69,123754,675,31532,12,13,3,3,0.21,1
37,23712,321,11464,24,34,4,3,0.58,1
69,152439,612,21562,36,12,6,3,0.37,1
22,135142,818,46856,36,34,5,2,0.3,1
22,111736,505,47511,60,1,4,2,0.19,1
48,71924,674,13683,12,12,7,1,0.2,0
43,23726,750,37634,24,15,0,3,0.5,1
57,109152,478,5060,36,17,6,4,0.43,1
52,47723,509,14269,24,6,5,0,0.17,1
53,146969,799,28065,48,35,4,1,0.17,0
21,120494,763,7895,36,29,6,0,0.14,0
39,160180,423,20323,36,6,2,0,0.55,1
22,55643,412,17352,48,14,0,3,0.53,1
64,182396,311,49643,60,39,8,4,0.14,1
46,123896,425,43591,36,18,1,0,0.44,1
52,159999,630,35890,24,36,9,0,0.15,0
26,113680,582,37016,12,1,2,1,0.64,1
52,116546,439,16962,24,12,7,4,0.64,1
24,173515,700,38302,60,39,9,4,0.52,1
31,99973,396,24846,12,30,8,0,0.66,1
37,83449,816,9011,24,15,2,4,0.59,1
58,129834,368,24782,24,5,5,1,0.6,1
44,45537,417,7155,48,27,6,1,0.44,1
25,97576,358,44725,60,31,0,1,0.28,1
54,127522,332,14196,48,9,6,3,0.23,1
26,42612,617,48459,12,17,3,0,0.3,0
42,26471,349,26709,48,3,4,4,0.48,1
31,186703,788,18327,60,8,7,1,0.2,0
68,51348,318,40474,36,6,3,0,0.26,1
36,21177,496,37769,36,7,3,0,0.38,1
53,155832,749,46993,12,6,7,3,0.24,1
29,52779,751,29700,36,39,4,4,0.45,1
26,41636,588,19820,48,2,5,4,0.65,1
36,101889,440,15891,12,16,4,1,0.55,1
49,73551,383,39629,60,1,0,1,0.5,1
23,162628,690,10269,12,14,6,0,0.45,0
40,178670,514,48880,12,28,5,4,0.39,1
56,162635,825,13320,24,21,1,4,0.21,1
39,66819,514,15740,24,3,6,1,0.64,1
46,93770,702,40897,12,5,5,2,0.25,1
23,178038,427,35930,36,37,4,0,0.15,1
39,178059,776,22285,24,25,7,4,0.55,1
40,98714,703,19380,60,10,4,3,0.21,1
52,44596,328,16360,48,25,1,3,0.32,1
27,184246,637,10398,24,16,5,2,0.12,1
61,84106,660,10529,12,23,0,1,0.18,0
53,79182,691,34062,36,27,4,1,0.2,0
60,107163,517,41686,48,34,5,1,0.13,1
59,59310,501,22451,24,30,6,3,0.49,1
38,76088,316,11937,36,12,1,1,0.6,1
60,148803,621,44886,36,34,0,3,0.32,1
21,159978,817,15860,36,15,5,2,0.62,1
31,56914,624,30142,12,14,2,0,0.23,0
48,130350,711,30279,60,17,4,4,0.3,1
45,65379,617,43106,36,36,1,2,0.19,1
43,188722,381,40908,48,26,0,3,0.47,1
51,197953,773,45764,24,34,0,2,0.35,1
50,66413,767,19201,48,34,3,4,0.47,1
62,157084,724,45544,12,27,9,0,0.56,1
55,27151,503,42711,12,38,1,4,0.43,1
27,77716,686,13997,48,37,0,3,0.48,1
36,113747,397,45566,60,8,5,4,0.66,1
46,187450,644,25175,12,11,3,2,0.28,1
68,193724,507,45860,12,14,9,1,0.32,1
69,164539,813,8225,48,20,6,2,0.53,1
22,182082,465,49578,12,34,5,3,0.47,1
21,141999,321,40228,60,32,4,0,0.21,1
68,134793,453,46505,60,18,9,4,0.33,1
32,128177,738,28110,60,22,1,0,0.38,0
25,32289,594,15754,24,12,4,3,0.35,1
57,196048,518,31655,60,0,8,4,0.21,1
52,194668,794,48601,60,28,8,2,0.65,1
29,174243,529,8114,24,23,1,2,0.56,1
61,106365,319,31502,36,15,6,3,0.39,1
55,134014,447,25028,12,24,9,4,0.51,1
39,195211,407,22587,60,22,3,2,0.64,1
68,199785,702,47719,12,27,2,3,0.18,1
36,180806,782,40333,48,15,0,3,0.25,1
23,92588,666,8174,12,37,2,0,0.43,0
40,83646,713,40398,24,10,8,2,0.58,1
44,23654,608,40929,12,2,8,4,0.12,1
53,38743,433,9321,12,14,6,2,0.69,1
44,68368,582,35435,12,0,2,2,0.37,1
31,157513,372,12099,36,6,2,2,0.32,1
69,139735,780,28760,36,0,3,3,0.28,1
28,175683,651,16360,48,31,6,1,0.2,0
56,139891,625,15313,24,8,6,1,0.57,1
58,127971,742,25462,12,28,1,0,0.67,1
60,32149,399,10801,12,25,4,2,0.35,1
40,120102,358,19130,12,22,6,1,0.67,1
55,79189,807,19271,12,28,6,0,0.59,1
68,172747,557,21075,36,37,5,3,0.39,1
45,91031,712,41919,48,32,9,2,0.5,1
55,62668,751,46679,60,6,9,4,0.36,1
45,164745,364,23984,24,11,7,3,0.44,1
49,108204,453,27559,12,30,2,0,0.13,1
38,174741,565,17861,48,31,0,3,0.52,1
66,185140,378,38434,60,19,2,4,0.13,1
38,160507,614,21667,48,16,1,3,0.59,1
22,57384,547,10840,36,35,1,0,0.59,1
55,101929,713,8565,60,2,1,4,0.24,1
36,147959,324,48194,48,0,4,4,0.29,1
61,96153,583,25977,36,26,0,3,0.39,1
56,95388,748,26118,48,39,9,4,0.46,1
53,51401,600,27641,48,32,3,3,0.27,1
24,139503,367,12366,60,19,9,2,0.46,1
53,147834,306,31636,36,13,4,4,0.28,1
34,54084,436,20630,12,35,1,3,0.13,1
41,130641,463,25056,24,4,4,2,0.1,1
68,125111,382,12382,60,22,9,4,0.16,1
40,187523,719,21149,36,14,3,2,0.58,1
28,158299,372,5992,48,5,7,4,0.68,1
27,182982,536,11858,36,32,0,0,0.36,1
23,56041,345,7121,24,18,4,0,0.41,1
37,108920,561,32160,24,12,9,3,0.19,1
53,85681,475,25906,12,28,0,1,0.43,1
68,101571,465,24572,12,5,9,0,0.19,1
32,147556,669,9136,24,14,9,1,0.47,1
42,46160,353,21727,60,15,3,2,0.66,1
42,37633,718,37167,60,23,7,2,0.22,1
66,37014,806,20479,48,22,0,1,0.56,1
50,100532,640,36376,12,9,1,3,0.11,1
58,69104,426,9823,48,16,0,4,0.33,1
58,192693,708,9920,12,29,6,1,0.17,0
65,97231,666,24585,24,9,1,1,0.31,0
28,88388,570,43239,60,18,0,1,0.2,1
47,36014,678,22272,60,28,5,1,0.32,0
47,112578,372,31619,24,1,5,1,0.35,1
54,184827,547,14533,48,35,9,3,0.28,1
41,60390,342,44895,48,18,1,0,0.49,1
50,43711,676,8720,36,6,0,4,0.65,1
53,111658,340,24267,12,25,9,0,0.34,1
48,77993,469,20696,48,14,2,1,0.22,1
67,178285,511,34968,24,37,9,0,0.26,1
53,27421,792,28345,48,2,4,3,0.61,1
25,37727,338,30693,60,37,5,2,0.44,1
68,132418,668,24385,12,15,2,0,0.37,0
39,24358,450,23122,36,1,8,4,0.19,1
24,85108,410,6364,12,30,4,3,0.37,1
55,114018,779,7708,60,27,1,2,0.27,1
69,144457,735,17982,60,6,9,3,0.67,1
37,183189,346,22308,60,29,5,1,0.63,1
64,51910,665,37919,60,6,7,2,0.15,1
48,146888,368,30161,24,35,5,4,0.41,1
50,75754,598,40089,36,28,3,2,0.24,1
49,129847,595,18865,60,23,5,4,0.35,1
66,180443,502,5495,60,38,7,1,0.63,1
26,58467,360,49755,48,3,7,4,0.42,1
55,168697,613,7148,36,28,9,3,0.3,1
61,53893,460,38324,12,4,1,0,0.22,1
57,96329,630,18393,36,28,7,3,0.58,1
44,51007,827,6552,36,29,5,3,0.47,1
49,190604,637,40853,36,28,1,2,0.38,1
69,74253,603,37924,60,25,0,1,0.23,0
66,32323,802,13926,60,18,5,0,0.3,1
51,131335,637,35851,24,25,6,4,0.68,1
55,132356,849,28889,12,36,9,2,0.41,1
53,130944,574,44930,48,26,4,1,0.34,1
41,165282,463,13055,36,29,9,0,0.41,1
52,36456,742,9654,12,29,7,3,0.57,1
43,51367,618,27634,12,2,8,1,0.3,0
53,74624,803,37363,24,6,3,1,0.21,0
23,161178,686,16468,48,8,6,1,0.45,0
38,88008,793,37922,36,12,7,3,0.5,1
45,145926,789,45718,48,14,5,4,0.53,1
62,135395,372,22380,24,4,1,2,0.63,1
51,136492,808,31870,60,28,6,4,0.32,1
23,92240,689,42394,12,34,8,0,0.15,0
60,84315,594,19259,36,26,4,2,0.68,1
66,30756,668,19873,60,26,1,0,0.36,1
44,56378,848,18016,24,7,3,3,0.47,1
52,155327,486,47137,48,31,2,4,0.5,1
67,165556,744,5153,12,19,3,1,0.43,0
42,145703,662,12853,36,9,9,2,0.22,1
43,76549,422,17379,60,12,6,1,0.55,1
22,185575,487,20792,60,28,9,0,0.58,1
47,93794,719,43367,12,34,7,1,0.43,0
62,65113,551,23100,48,7,0,1,0.39,1
22,94069,848,16049,24,28,7,3,0.17,1
46,156321,634,5786,48,30,4,3,0.15,1
37,170273,391,9368,48,29,6,4,0.3,1
60,145541,829,35699,48,21,0,0,0.29,0
53,29686,362,42040,12,20,1,3,0.67,1
29,73363,811,32454,12,11,0,3,0.57,1
63,117543,438,43762,24,10,4,4,0.5,1
68,151733,484,28600,48,1,5,2,0.41,1
59,195915,504,34238,12,1,9,4,0.2,1
49,115673,513,30241,24,33,8,1,0.69,1
62,62828,555,24810,24,2,7,1,0.33,1
46,68604,434,25167,48,15,6,3,0.16,1
55,30526,387,26811,36,3,4,3,0.4,1
45,88910,506,44779,48,22,2,4,0.62,1
44,45592,428,25085,36,19,8,4,0.63,1
33,48982,302,14261,24,24,4,0,0.11,1
27,20207,420,23733,12,29,2,1,0.63,1
56,108733,684,44779,60,17,2,4,0.26,1
65,144982,337,34079,24,10,2,2,0.12,1
40,88619,640,38980,12,28,5,0,0.61,1
21,180400,320,19141,24,16,0,4,0.62,1
28,66479,541,14344,48,25,3,3,0.46,1
66,171175,754,44472,36,22,7,4,0.44,1
36,190963,602,20896,24,19,2,3,0.59,1
34,161826,368,28817,12,1,4,3,0.57,1
32,101437,428,34813,48,23,1,1,0.63,1
43,118540,495,23895,60,30,1,1,0.43,1
35,92982,439,5143,48,26,6,4,0.68,1
48,122747,743,15681,36,1,9,4,0.7,1
54,68231,582,12367,48,13,2,2,0.17,1
22,49301,611,8228,60,3,4,0,0.61,1
52,192395,834,9582,12,12,2,0,0.4,0
43,38752,576,18147,24,35,5,4,0.33,1
42,118452,360,16397,36,34,9,1,0.47,1
45,164467,618,43799,60,7,2,2,0.13,1
42,141237,351,42011,36,1,7,0,0.4,1
42,76273,452,18647,48,5,1,4,0.62,1
69,111878,610,32718,36,30,2,1,0.23,0
62,24895,843,49264,60,9,7,1,0.36,1
26,139968,688,47317,24,20,7,1,0.66,1
35,135700,847,24097,24,9,0,3,0.36,1
63,96559,476,41953,36,22,7,1,0.32,1
57,30699,661,45096,12,2,9,4,0.36,1
53,29715,613,22107,36,31,1,2,0.41,1
28,39169,396,8010,48,19,6,4,0.48,1
64,138413,512,10555,24,9,5,1,0.58,1
64,167235,436,5067,24,28,1,2,0.37,1
25,139264,305,33412,24,33,4,0,0.59,1
59,25782,408,49953,12,36,6,0,0.42,1
24,144481,846,39305,12,19,7,4,0.3,1
26,55585,338,16549,60,7,2,2,0.49,1
65,50682,724,10680,36,6,0,4,0.53,1
52,198936,560,30739,36,5,6,2,0.43,1
50,149992,725,26209,48,10,4,2,0.13,1
67,104416,386,46515,24,17,4,4,0.2,1
55,147810,764,27432,12,28,6,2,0.27,1
60,58067,375,20116,48,24,0,1,0.27,1
36,193757,770,25045,48,20,7,2,0.5,1
33,38073,713,31327,12,2,9,2,0.11,1
62,56035,756,40709,36,17,4,4,0.55,1
50,110373,584,48617,24,23,7,0,0.26,0
39,103362,538,31905,36,37,9,3,0.29,1
37,110517,671,12067,48,9,9,2,0.42,1
39,85450,794,37559,24,26,4,3,0.23,1
48,30382,344,47919,60,11,6,2,0.63,1
46,155509,700,22985,48,6,9,4,0.15,1
57,81929,546,32369,36,16,2,4,0.37,1
46,118864,749,22864,36,0,1,2,0.61,1
43,163401,784,27614,36,25,5,4,0.47,1
29,45169,317,20613,12,14,4,4,0.28,1
32,107468,588,11447,48,32,8,2,0.35,1
21,54594,713,10499,24,36,9,0,0.52,1
21,65033,534,44041,36,30,3,2,0.68,1
67,83133,715,36315,36,34,2,0,0.64,1
54,93861,798,6299,12,0,8,4,0.31,1
52,51750,414,44469,24,7,7,0,0.7,1
68,60461,533,9994,48,11,5,4,0.1,1
45,98222,839,34878,60,18,0,0,0.12,0
60,132020,310,20627,12,24,9,0,0.59,1
65,44226,505,12489,48,31,0,2,0.22,1
21,26721,546,31111,60,11,5,0,0.14,1
36,40609,426,37355,36,12,2,4,0.24,1
59,150513,446,13269,36,27,2,2,0.36,1
25,124211,417,7831,24,0,5,0,0.54,1
42,199967,681,49370,60,5,2,2,0.47,1
49,156728,711,16819,36,7,9,3,0.24,1
23,144865,662,29813,36,3,5,2,0.4,1
32,94520,808,26637,24,4,4,3,0.66,1
46,84309,436,6996,48,24,3,3,0.59,1
36,49984,474,49387,36,21,7,2,0.29,1
57,138947,588,8089,12,27,1,4,0.69,1
42,25901,780,38291,12,38,6,4,0.53,1
49,182624,318,25659,48,22,3,4,0.14,1
34,51055,494,35429,60,3,1,1,0.12,1
48,188757,629,20732,24,3,6,3,0.2,1
25,165788,474,24506,12,20,0,2,0.54,1
67,134099,748,45935,12,36,3,4,0.21,1
69,31138,653,10190,48,1,8,4,0.41,1
50,186370,798,9575,60,6,3,2,0.16,1
66,43429,440,45495,60,15,2,3,0.65,1
25,70200,392,39565,48,16,9,2,0.31,1
32,199316,538,39899,12,19,9,1,0.64,1
36,121268,504,28706,24,22,1,1,0.67,1
46,37347,732,27884,12,33,2,2,0.1,1
46,167992,544,22199,60,10,0,3,0.38,1
68,51822,616,49100,12,33,9,4,0.11,1
41,197731,594,44434,24,32,7,1,0.65,1
59,60108,581,17479,36,25,0,1,0.41,0
56,148955,316,39178,12,1,2,3,0.14,1
53,27967,370,17665,48,22,2,1,0.17,1
50,130719,568,5534,36,21,1,1,0.33,1
57,31871,624,31292,48,33,4,3,0.66,1
43,184685,604,41132,48,14,9,2,0.52,1
30,48179,750,41110,48,9,2,4,0.62,1
25,75099,306,27469,12,14,2,4,0.32,1
56,55262,613,42268,60,28,7,1,0.13,0
54,98213,402,6172,36,22,3,4,0.68,1
51,137407,492,32914,24,16,3,2,0.11,1
30,169340,828,25901,60,8,2,1,0.67,1
39,106269,470,45775,12,35,0,4,0.32,1
52,80545,836,39409,48,8,7,0,0.11,0
21,59922,550,24324,24,15,0,0,0.51,1
25,62913,686,13738,36,35,6,0,0.69,1
65,117033,506,42494,60,32,4,0,0.68,1
24,124792,840,49557,60,30,3,0,0.2,0
36,197404,715,29054,24,5,3,1,0.21,0
44,139863,679,34709,12,9,7,3,0.44,1
36,176104,443,48785,36,15,5,3,0.48,1
22,188918,324,25107,24,3,0,1,0.54,1
69,64936,372,5363,48,21,9,1,0.21,1
48,180866,392,15358,36,12,7,2,0.68,1
52,48141,804,41077,60,15,1,3,0.48,1
47,160146,635,8240,24,28,5,0,0.61,1
40,157478,724,11665,60,5,8,1,0.42,0
44,117359,798,6936,60,25,0,0,0.35,0
32,143279,663,30538,60,10,5,3,0.69,1
55,174363,498,48965,12,23,7,4,0.45,1
53,61568,712,16998,60,28,9,4,0.62,1
53,117539,638,5882,48,2,1,1,0.67,1
63,66851,728,25224,48,9,4,2,0.51,1
57,74823,438,44691,36,0,5,0,0.43,1
32,43312,841,35825,60,25,4,1,0.1,0
23,194180,356,10204,60,11,2,2,0.12,1
21,185243,531,33885,24,13,3,0,0.22,1
53,192851,734,45056,12,24,6,3,0.21,1
60,118723,683,8203,36,7,3,4,0.25,1
30,32411,493,7244,60,3,8,2,0.28,1
63,77009,833,37786,24,27,9,0,0.32,0
64,166494,817,8083,12,6,1,1,0.35,0
49,193540,484,26584,36,9,4,0,0.16,1
33,52371,591,13521,36,35,7,1,0.13,0
32,77022,634,38541,60,1,4,4,0.5,1
51,91229,415,34063,36,25,9,4,0.42,1
66,119071,348,9732,24,13,7,0,0.37,1
22,116774,381,32518,36,15,7,0,0.48,1
55,46715,632,44563,48,16,8,1,0.6,1
43,47605,634,44752,24,21,9,1,0.36,0
37,119853,831,34697,12,3,5,2,0.48,1
46,51174,520,7567,12,18,3,2,0.67,1
28,161028,622,21121,60,1,2,2,0.6,1
49,96373,302,6674,60,38,4,0,0.36,1
46,89252,505,15875,48,8,5,2,0.49,1
30,90017,339,49340,12,18,2,0,0.21,1
46,83037,358,5739,12,15,1,4,0.44,1
54,109818,806,6545,12,24,6,3,0.69,1
61,26548,421,34140,12,17,4,4,0.41,1
27,136981,778,14327,36,22,8,0,0.66,1
24,174249,395,10127,24,20,2,0,0.34,1
65,44022,713,28331,24,10,7,3,0.7,1
31,126297,534,28004,48,38,5,1,0.45,1
49,156614,361,46833,36,3,3,1,0.13,1
56,80428,555,15492,12,24,8,1,0.45,1
45,173812,647,18749,12,31,4,2,0.26,1
41,79353,423,28508,60,29,9,1,0.12,1
56,133132,781,14045,60,25,5,2,0.59,1
30,36052,616,25116,48,35,8,2,0.27,1
57,120689,803,23667,12,33,6,1,0.58,1
29,198148,347,14521,48,8,4,1,0.27,1
44,151743,708,13669,36,11,1,3,0.22,1
55,20163,435,32302,24,1,3,3,0.68,1
69,61424,500,16283,12,37,1,2,0.32,1
55,161706,549,35935,36,4,2,3,0.46,1
68,155870,613,11998,12,4,9,2,0.47,1
56,42420,667,33806,60,21,2,0,0.44,0
38,140575,728,36624,48,4,3,2,0.65,1
69,49300,779,18440,60,3,5,2,0.5,1
59,109881,613,26797,24,8,2,3,0.34,1
52,30749,799,6269,60,28,9,0,0.62,1
44,124131,654,12868,12,21,0,4,0.21,1
43,176193,784,35251,60,26,0,4,0.43,1
52,148563,510,17373,12,9,8,4,0.67,1
57,57487,343,23987,24,15,8,0,0.48,1
32,184433,840,43729,60,9,4,1,0.59,1
69,41223,391,20734,48,5,8,0,0.49,1
33,92930,564,47429,48,4,6,3,0.6,1
43,165128,519,46337,48,5,8,2,0.67,1
45,48380,741,45325,60,24,6,2,0.26,1
55,46035,700,23064,60,3,8,3,0.2,1
61,50620,699,13433,60,39,1,3,0.39,1
50,170949,789,14111,12,31,7,2,0.52,1
37,137360,784,43450,24,34,6,1,0.24,0
69,73352,769,20047,48,9,5,1,0.1,0
40,181983,744,13084,12,33,4,1,0.31,0
68,183856,568,26751,48,35,3,3,0.68,1
45,23191,566,21453,12,5,6,2,0.52,1
42,184232,353,25308,60,15,2,2,0.34,1
33,110536,827,43968,48,18,7,2,0.22,1
39,124576,819,35077,60,33,1,0,0.31,0
69,23631,358,48046,48,24,0,0,0.2,1
56,157244,339,39775,36,30,1,4,0.16,1
32,62080,536,29503,12,16,8,0,0.64,1
61,110353,685,7779,36,29,4,1,0.7,1
39,171353,599,26304,12,38,7,1,0.2,0
32,48671,694,5755,24,30,2,1,0.13,0
29,142811,506,44263,48,18,6,1,0.3,1
27,147734,635,47955,24,34,1,4,0.38,1
48,179674,813,47281,24,28,7,1,0.22,0
34,71399,477,22400,12,0,6,3,0.28,1
51,174544,695,45115,36,3,4,3,0.22,1
39,27099,670,19249,60,27,3,3,0.56,1
67,176503,617,49825,12,17,0,0,0.53,1
36,76492,668,29600,60,25,4,2,0.48,1
25,116722,683,42706,24,39,8,4,0.33,1
55,198756,361,24222,60,18,9,3,0.65,1
32,50111,804,38505,36,5,3,3,0.68,1
45,83936,538,43968,12,0,8,1,0.2,1
41,173686,494,46139,36,7,1,3,0.23,1
56,193063,521,46302,36,32,3,1,0.42,1
43,80920,360,34148,12,20,8,1,0.15,1
36,83530,428,27302,36,23,3,2,0.36,1
59,187296,455,7623,48,24,4,0,0.45,1
65,27788,677,13646,48,18,7,1,0.41,1
62,48082,736,18543,48,28,0,1,0.3,0
59,143287,506,33960,60,9,0,2,0.43,1
34,109570,687,27785,36,11,8,1,0.68,1
51,121015,779,17817,12,32,8,4,0.22,1
25,103588,639,36406,12,6,3,0,0.49,1
55,167603,639,28456,60,16,1,4,0.13,1
43,108340,503,28777,12,9,8,3,0.14,1
49,114439,460,25914,48,30,3,0,0.43,1
63,195929,839,34553,36,5,5,3,0.16,1
31,161214,691,28548,12,16,0,1,0.11,0
38,135053,833,42265,12,36,8,2,0.2,1
67,68355,369,45701,24,17,4,4,0.44,1
32,160938,704,11727,24,25,2,3,0.52,1
29,145426,816,49924,24,15,3,1,0.22,0
30,84027,419,37427,36,7,0,4,0.5,1
64,179210,516,21692,48,23,8,4,0.21,1
37,112601,355,36625,48,12,7,3,0.47,1
58,49956,665,29918,48,28,3,1,0.35,0
27,124797,803,46395,36,31,1,2,0.49,1
66,144917,754,46136,36,23,8,3,0.7,1
33,146303,403,20577,24,15,3,4,0.66,1
60,156511,376,24619,12,10,8,4,0.1,1
62,198313,529,38710,60,31,9,0,0.63,1
29,62533,557,42388,60,5,2,1,0.14,1
47,179342,563,21195,12,34,6,0,0.67,1
22,98815,630,32689,24,32,6,2,0.27,1
25,59279,481,16154,12,17,9,3,0.33,1
49,129787,849,44121,12,36,3,4,0.15,1
57,174960,326,34412,60,12,1,1,0.17,1
58,168702,575,26341,24,9,8,4,0.54,1
39,81063,598,37018,36,36,3,0,0.67,1
28,147896,390,14145,60,25,7,0,0.47,1
68,186216,779,47262,36,16,1,3,0.53,1
65,117661,757,27223,24,0,7,1,0.56,1
21,158051,750,7880,12,24,9,1,0.26,0
42,177261,664,26271,48,33,4,3,0.13,1
37,193672,650,38313,48,38,6,0,0.1,0
27,143257,699,18304,24,9,6,0,0.31,0
45,106205,552,39695,48,19,8,0,0.24,1
65,26910,758,35225,36,6,2,4,0.14,1
24,66857,798,25536,48,15,9,2,0.21,1
56,54964,807,35831,24,36,3,0,0.17,0
26,176299,603,16673,24,28,9,2,0.65,1
51,157050,800,26917,36,11,3,2,0.18,1
39,37153,465,32829,48,16,9,1,0.42,1
64,79765,714,20372,48,19,4,3,0.46,1
59,128212,761,30938,12,25,5,4,0.43,1
47,59071,413,7663,60,18,2,2,0.16,1
30,132990,732,14465,24,11,3,4,0.29,1
46,89519,655,8326,12,20,2,1,0.13,0
39,29503,506,8659,24,33,1,0,0.34,1
59,115457,534,32594,12,6,9,2,0.21,1
23,167977,741,9763,60,34,8,3,0.44,1
65,65838,654,28121,12,14,0,1,0.52,1
33,145200,814,15828,24,0,1,4,0.42,1
48,109489,507,16221,48,25,7,0,0.36,1
40,46806,424,16211,24,34,6,4,0.33,1
48,196072,437,18569,36,24,0,3,0.61,1
28,173240,638,36358,36,14,4,2,0.23,1
61,90119,836,42860,36,21,9,3,0.54,1
59,58714,367,11022,36,5,5,4,0.55,1
21,75419,840,18515,60,14,4,4,0.35,1
23,125432,682,11159,48,23,3,3,0.28,1
33,112949,318,46213,48,20,0,3,0.38,1
48,153533,749,26691,24,6,6,3,0.16,1
69,165363,373,29904,12,28,8,0,0.13,1
45,197876,575,48790,24,31,5,4,0.17,1
53,96971,347,8044,24,31,2,1,0.21,1
58,113471,510,14612,24,4,9,0,0.4,1
26,84946,839,10636,24,3,3,0,0.61,1
64,118989,490,16593,48,21,9,0,0.24,1
65,104080,614,7892,12,17,4,1,0.66,1
52,97794,412,26672,24,34,0,3,0.67,1
65,50841,469,10812,48,16,4,4,0.68,1
67,144447,767,36085,24,23,0,2,0.6,1
41,140029,313,5654,36,1,8,2,0.32,1
36,199830,587,22143,24,12,6,4,0.14,1
41,96272,488,6798,24,14,2,1,0.44,1
31,57643,454,42927,60,4,8,2,0.44,1
57,63950,770,34087,36,2,1,0,0.61,1
56,120500,374,16618,12,36,6,2,0.7,1
55,179116,576,13446,24,36,8,4,0.4,1
39,145588,642,26646,12,36,5,0,0.31,0
40,35997,724,41591,36,2,9,2,0.21,1
38,99751,810,32200,24,34,4,4,0.1,1
67,118605,481,34571,60,22,6,1,0.41,1
61,174983,757,27538,48,27,5,4,0.43,1
69,75533,363,45555,60,29,4,1,0.59,1
34,102566,559,48964,60,17,1,0,0.4,1
35,165643,492,25900,48,35,7,4,0.65,1
51,128255,705,27356,48,32,6,3,0.48,1
21,78005,392,28023,48,25,5,3,0.6,1
23,63541,729,44148,24,39,4,3,0.19,1
36,43387,733,22392,12,16,4,3,0.61,1
43,113980,703,25698,12,39,8,3,0.51,1
31,199980,733,47470,48,6,0,1,0.2,0
32,105457,411,31535,60,7,8,4,0.21,1
30,164129,674,40450,36,30,5,0,0.66,1
52,84028,358,38757,48,11,3,3,0.12,1
36,139246,342,17476,60,30,9,3,0.38,1
28,75731,506,46214,60,18,6,0,0.29,1
58,175930,595,9711,24,9,8,0,0.5,1
32,199761,417,11479,24,38,4,3,0.6,1
44,64638,831,36390,12,11,4,1,0.32,0
48,197558,521,18161,12,19,7,0,0.36,1
28,40567,465,37152,36,36,6,4,0.69,1
48,180811,455,19635,36,6,7,4,0.57,1
56,77804,483,45843,36,13,9,1,0.64,1
46,128821,389,35297,36,10,1,2,0.36,1
28,23754,393,25836,60,6,8,1,0.24,1
48,47044,312,29831,60,28,2,3,0.35,1
48,87260,737,6007,12,9,5,2,0.53,1
57,86912,837,31331,24,28,5,3,0.17,1
61,28706,449,45456,24,8,1,4,0.26,1
56,28894,307,15763,48,35,6,0,0.13,1
47,169109,328,8908,60,9,8,3,0.36,1
37,103986,595,32573,36,18,9,4,0.6,1
29,101942,639,24187,36,30,0,1,0.11,0
53,49725,738,16957,48,16,7,3,0.51,1
40,156998,443,9379,24,8,1,4,0.66,1
33,124555,818,32959,36,32,0,0,0.24,0
48,29496,344,21482,24,33,7,3,0.52,1
68,76447,538,32105,48,23,1,4,0.69,1
49,121604,454,5877,24,8,5,3,0.68,1
33,180878,480,23252,24,6,5,0,0.24,1
66,108199,514,36334,24,15,4,3,0.16,1
55,61321,387,24049,36,18,7,3,0.19,1
26,173728,555,22772,12,38,2,4,0.52,1
38,75147,810,7637,60,5,9,2,0.54,1
25,111396,372,12242,24,10,3,3,0.5,1
67,58787,478,47025,24,11,6,2,0.3,1
45,41727,511,46381,24,12,6,1,0.2,1
22,115081,533,40651,12,11,7,3,0.45,1
30,142721,764,38972,48,20,1,2,0.39,1
50,88056,522,21928,36,9,1,1,0.54,1
65,154153,563,33742,12,19,3,4,0.36,1
25,185268,506,16831,24,35,9,3,0.3,1
53,187807,665,24556,12,27,8,4,0.28,1
21,100102,575,30343,12,23,9,1,0.23,1
38,176570,679,27834,12,4,8,4,0.26,1
52,96865,608,44288,48,36,3,4,0.16,1
67,182728,567,38422,60,11,8,0,0.31,1
69,87695,363,28205,36,34,2,1,0.12,1
31,188972,649,23830,48,39,4,4,0.21,1
41,137235,793,13412,48,1,9,2,0.55,1
46,198773,822,8666,60,38,8,1,0.3,0
45,128777,397,42045,48,8,5,0,0.5,1
42,39033,370,25786,12,21,2,3,0.53,1
47,161877,663,10515,12,4,9,4,0.45,1
69,186923,575,46973,24,11,8,2,0.68,1
33,46832,349,31627,48,0,5,0,0.11,1
53,135725,657,20198,24,21,3,1,0.54,1
54,165016,784,8985,36,37,3,4,0.68,1
61,39873,383,45935,12,18,7,0,0.62,1
55,60372,595,34475,36,15,6,0,0.2,0
21,109464,535,45216,60,30,0,2,0.3,1
41,166451,355,24403,12,2,5,3,0.2,1
68,137322,659,8681,36,22,7,3,0.46,1
26,187823,409,31019,60,17,2,3,0.53,1
48,120082,491,32586,36,25,8,1,0.29,1
37,25110,392,47292,60,12,9,0,0.42,1
25,32087,359,42521,60,17,1,1,0.51,1
51,174834,338,44850,12,2,5,0,0.35,1
25,102617,839,41770,24,22,0,2,0.61,1
58,120483,348,10629,60,2,1,2,0.56,1
23,29596,719,32710,60,24,4,1,0.14,1
43,127539,312,35328,12,26,0,1,0.47,1
57,38313,335,17278,24,26,7,2,0.24,1
57,133175,400,13417,48,38,0,4,0.43,1
30,134914,385,39765,48,24,8,3,0.67,1
30,43705,815,13963,24,23,9,3,0.63,1
39,93445,522,42292,36,7,2,2,0.34,1
37,123892,637,30009,12,8,1,3,0.27,1
41,22023,465,32675,24,36,0,4,0.24,1
34,139654,682,41175,48,29,8,4,0.42,1
29,100073,675,11731,60,18,3,0,0.17,0
66,112197,770,45563,48,15,0,1,0.43,0
21,84429,330,16332,60,23,0,3,0.1,1
65,124195,674,24177,12,20,6,4,0.29,1
33,53848,310,28718,60,35,1,1,0.23,1
24,188876,601,7911,24,39,6,1,0.68,1
21,166451,395,23799,60,38,6,0,0.54,1
69,47766,489,20194,36,5,9,1,0.31,1
60,88099,752,9951,24,4,8,1,0.16,0
52,187132,491,45866,12,13,6,2,0.41,1
54,89122,785,33333,24,3,0,0,0.23,0
48,167159,565,26673,36,7,7,0,0.42,1
51,68868,723,45870,12,23,7,3,0.6,1
28,139119,427,10565,48,10,3,1,0.47,1
59,174297,537,27821,36,16,7,3,0.48,1
46,115286,654,30494,12,20,3,4,0.42,1
54,26643,411,38941,60,25,7,1,0.66,1
23,56727,745,13624,24,26,4,4,0.66,1
32,162077,642,5835,12,15,3,2,0.41,1
21,129079,444,23646,24,25,5,1,0.28,1
64,85697,364,16824,60,32,1,3,0.38,1
25,36029,546,42335,12,30,1,3,0.21,1
50,165298,789,8815,48,5,1,1,0.48,1
50,179803,738,7429,36,7,8,3,0.4,1
37,129458,405,46950,12,6,9,1,0.16,1
68,130384,480,46886,60,33,2,0,0.22,1
67,88926,483,49398,12,13,9,3,0.39,1
43,157069,525,7607,24,15,3,1,0.63,1
35,75506,388,30650,12,8,9,1,0.44,1
57,98229,829,43698,48,9,7,3,0.51,1
41,62092,670,37353,12,16,3,0,0.3,0
34,82539,698,41790,36,11,9,3,0.44,1
22,172889,405,16991,12,5,9,1,0.37,1
31,188933,570,26168,24,18,6,0,0.5,1
59,33428,802,36099,12,28,4,4,0.13,1
58,195006,824,44385,48,5,8,2,0.4,1
54,161330,331,40919,60,24,3,3,0.28,1
58,77775,692,36416,12,23,2,1,0.3,0
54,25469,339,10580,12,24,1,0,0.68,1
38,48854,517,12054,36,15,0,0,0.21,1
50,157328,381,29090,48,15,5,4,0.29,1
35,96256,500,45387,60,5,9,3,0.41,1
47,185009,746,20823,24,36,1,0,0.62,1
54,119134,727,42341,12,20,7,4,0.35,1
58,152723,337,20339,60,3,5,1,0.55,1
53,104730,510,8491,24,33,4,4,0.61,1
44,176123,743,5706,48,27,1,3,0.29,1
35,47386,626,36957,48,37,6,4,0.34,1
50,167256,526,20728,60,27,1,0,0.31,1
62,53787,347,11997,24,16,4,0,0.6,1
37,41621,317,43001,48,13,1,2,0.13,1
25,97984,738,43523,60,6,9,4,0.29,1
49,196325,486,30163,48,21,1,1,0.51,1
24,54051,644,22718,48,0,6,3,0.44,1
30,69811,523,26972,48,28,8,2,0.36,1
37,50447,787,23231,36,30,4,4,0.42,1
30,148046,528,44619,24,29,6,1,0.22,1
37,181326,689,17126,60,14,3,2,0.36,1
40,104045,487,28595,60,17,1,0,0.4,1
44,136859,569,45633,24,34,2,3,0.64,1
25,165544,609,17118,24,29,1,4,0.26,1
54,23471,431,8317,24,33,4,1,0.62,1
26,140312,371,49980,24,10,5,0,0.49,1
22,159401,486,49115,12,26,6,2,0.11,1
33,185937,785,48158,60,23,2,3,0.53,1
63,66850,490,44828,12,34,3,2,0.12,1
63,74220,721,20504,48,38,7,2,0.7,1
68,113808,419,8057,48,7,3,1,0.62,1
31,157469,519,31660,60,17,6,0,0.28,1
67,186597,352,42196,48,12,5,4,0.25,1
43,73072,750,5402,24,23,6,1,0.33,0
36,103820,711,13605,12,22,0,3,0.31,1
51,43284,536,20761,24,11,2,2,0.32,1
31,103369,705,32043,48,29,5,3,0.29,1
36,45122,721,38635,12,30,2,1,0.47,1
28,150349,546,18779,24,27,6,1,0.2,1
24,90553,371,20155,60,21,8,4,0.61,1
60,114788,484,45978,24,27,2,2,0.59,1
24,82812,305,38132,48,12,0,1,0.39,1
45,27999,505,28851,12,24,9,3,0.61,1
23,42436,843,20366,60,6,5,4,0.25,1
52,62963,686,33408,12,5,0,3,0.11,1
23,153168,375,11571,60,23,0,2,0.47,1
47,176351,476,19017,12,18,7,4,0.37,1
49,128899,648,44236,48,18,8,4,0.44,1
52,46201,554,9150,60,35,1,4,0.64,1
39,170787,607,24423,36,8,8,0,0.68,1
41,180381,644,9137,12,35,4,4,0.48,1
25,166150,426,34992,12,37,7,3,0.56,1
38,25105,586,33902,24,39,6,3,0.15,1
48,137666,786,49921,60,28,6,2,0.2,1
62,114848,682,18833,36,23,3,1,0.54,1
42,22839,705,6381,48,4,1,1,0.36,1
41,88920,687,13154,24,25,4,0,0.37,0
26,63619,824,39235,36,13,2,4,0.29,1
21,62821,575,18439,60,38,8,0,0.46,1
25,145736,799,24122,36,28,5,2,0.21,1
61,164565,636,28956,12,5,0,2,0.48,1
32,37069,780,22264,12,6,2,1,0.2,0
46,27531,572,49774,24,36,3,2,0.14,1
66,188123,357,8149,60,17,8,4,0.3,1
54,158808,627,29660,60,22,5,3,0.24,1
69,158782,408,45660,36,37,3,2,0.63,1
34,87155,578,25528,24,0,0,0,0.13,1
46,165047,627,6168,60,3,7,4,0.21,1
65,82424,614,40897,12,34,1,2,0.43,1
47,65603,773,20032,36,22,7,2,0.39,1
29,174324,410,40294,48,26,5,4,0.13,1
46,152503,528,48827,12,25,7,2,0.1,1
67,188553,796,8516,24,7,5,3,0.69,1
42,112573,455,24751,60,15,4,1,0.5,1
67,160629,772,35373,12,2,4,4,0.32,1
50,123302,571,35270,48,31,9,0,0.38,1
63,151234,301,15386,48,4,9,2,0.26,1
68,185814,810,41323,24,19,7,1,0.31,0
37,39675,585,19157,12,13,6,0,0.49,1
46,93997,312,42879,36,31,7,0,0.63,1
56,168087,797,44520,12,25,7,3,0.21,1
21,183663,537,44132,48,5,6,1,0.6,1
28,160905,393,8626,24,35,1,4,0.17,1
69,27896,637,25400,24,39,8,1,0.23,1
55,184044,470,41643,36,4,6,1,0.12,1
35,69733,766,43265,24,12,5,0,0.18,0
67,61800,442,20979,24,31,8,3,0.65,1
42,116044,500,16529,24,15,0,3,0.38,1
34,25347,479,21645,24,0,1,1,0.15,1
46,153715,663,31424,24,12,0,1,0.68,1
48,60785,778,18382,48,10,9,2,0.63,1
43,38681,770,9025,12,7,2,0,0.55,1
34,123864,683,48226,60,24,4,4,0.66,1
44,166964,716,18844,24,39,0,4,0.23,1
22,67299,607,9175,60,31,3,3,0.6,1
65,37073,666,35519,60,23,7,0,0.51,1
46,122304,300,14174,48,27,5,3,0.62,1
34,50682,343,8443,24,13,0,4,0.58,1
27,144302,397,26395,60,2,0,1,0.31,1
23,165361,564,15725,24,35,2,0,0.56,1
67,135359,439,38461,36,26,9,0,0.26,1
43,158999,780,46115,36,19,7,2,0.3,1
66,199402,536,49548,36,14,7,1,0.16,1
63,86707,371,36351,60,26,2,1,0.66,1
67,85428,489,23196,36,27,6,3,0.27,1
65,70601,567,19254,48,24,2,0,0.41,1
38,153611,620,19021,48,32,3,3,0.33,1
58,131487,406,10724,60,13,8,1,0.68,1
55,173741,531,33690,24,7,3,2,0.3,1
35,171716,341,6407,12,13,2,0,0.57,1
45,169817,438,13032,24,0,4,1,0.61,1
57,48228,572,22794,24,15,6,2,0.36,1
48,185593,780,24881,24,17,4,4,0.33,1
30,142788,715,25756,24,6,3,1,0.55,1
59,117239,805,45162,12,14,7,4,0.65,1
37,46928,723,34416,36,23,3,3,0.55,1
59,38322,706,49354,24,12,1,4,0.24,1
42,107896,689,30752,48,8,9,1,0.63,1
46,82292,641,17926,60,14,5,4,0.33,1
64,49055,792,38765,60,34,1,0,0.45,0
45,62891,491,19390,48,23,2,1,0.6,1
37,101912,798,43867,24,32,0,2,0.21,1
33,157660,532,26939,12,15,4,4,0.57,1
40,110536,526,32307,36,7,8,0,0.46,1
45,26304,670,35828,60,28,1,3,0.64,1
24,27345,438,33513,36,22,6,3,0.2,1
30,180372,448,29502,12,30,4,4,0.35,1
23,175331,414,35063,60,39,1,3,0.6,1
61,111006,749,27486,36,13,7,2,0.11,1
65,166424,362,43258,12,29,5,1,0.17,1
38,149350,403,36692,36,38,3,0,0.69,1
67,184437,572,43384,24,26,3,4,0.27,1
56,39446,305,20958,12,15,1,3,0.69,1
67,22336,446,40016,36,5,2,1,0.21,1
42,82032,483,22232,24,32,6,2,0.32,1
54,117852,327,15748,24,17,2,3,0.55,1
67,158593,849,15514,12,15,4,3,0.49,1
28,174553,418,27738,48,11,9,0,0.45,1
60,38474,592,13695,60,19,5,2,0.42,1
69,197832,670,13070,12,39,5,2,0.61,1
64,75718,543,32765,24,28,3,4,0.24,1
39,64629,517,46662,24,29,5,0,0.37,1
62,65232,476,35761,12,25,2,4,0.19,1
61,106544,598,21698,48,21,6,0,0.46,1
57,70669,357,20123,60,32,6,2,0.25,1
26,89184,568,40144,36,38,3,0,0.3,1
46,199017,607,30616,12,28,1,0,0.38,0
54,33140,587,42146,60,21,6,0,0.12,1
65,146468,404,16182,60,12,2,1,0.16,1
26,103457,527,29833,24,8,0,1,0.51,1
57,34357,546,38342,36,23,1,2,0.36,1
53,131672,793,36331,12,14,9,0,0.62,1
42,88673,382,31128,24,35,8,2,0.52,1
41,141673,485,36556,24,12,7,1,0.1,1
26,85633,551,26969,48,26,5,0,0.47,1
26,116111,654,26876,60,36,5,4,0.16,1
68,98258,509,13949,12,6,0,1,0.57,1
24,163996,746,29518,12,7,1,1,0.69,1
50,89286,759,10670,12,36,3,1,0.42,0
31,113269,771,29099,24,13,2,0,0.51,1
50,94071,669,44335,48,11,0,3,0.24,1
51,50651,791,17716,36,35,7,4,0.36,1
44,90202,436,43885,24,39,6,4,0.61,1
29,68777,666,12837,36,16,3,2,0.2,1
23,168066,483,24159,48,39,8,0,0.26,1
51,87263,586,46266,60,28,3,1,0.37,0
60,120158,771,41877,12,26,0,3,0.53,1
57,30800,674,26560,36,0,9,0,0.33,1
56,57823,836,22106,24,33,0,0,0.66,1
44,83878,810,13720,36,3,0,3,0.16,1
51,38708,549,42661,60,23,0,1,0.32,1
26,163891,809,33362,12,20,3,0,0.53,1
22,83870,372,33258,36,32,0,4,0.24,1
40,29283,581,26782,60,6,1,4,0.49,1
48,181645,659,46168,24,0,3,3,0.2,1
31,98707,309,26120,48,2,6,1,0.13,1
24,182005,510,24790,24,14,1,3,0.17,1
35,25774,451,32912,12,30,7,0,0.66,1
26,162055,304,47907,24,15,6,4,0.43,1
69,116468,494,39812,24,9,8,2,0.58,1
50,116334,582,41160,24,28,5,3,0.3,1
58,38133,763,24156,24,5,3,2,0.46,1
22,166011,412,15672,12,28,5,2,0.4,1
35,20781,570,19444,60,16,3,4,0.67,1
31,134586,462,11784,36,21,6,3,0.55,1
28,47624,759,22929,48,23,8,2,0.54,1
46,26823,404,6070,36,16,2,0,0.13,1
65,38489,581,27906,36,20,2,1,0.43,0
64,191033,461,39618,48,10,1,1,0.38,1
25,49118,650,7939,12,6,0,4,0.66,1
26,120417,733,34841,48,38,0,3,0.25,1
46,101816,439,47863,12,4,2,3,0.26,1
24,173335,770,21301,36,20,6,1,0.35,0
39,33565,431,12194,12,17,8,0,0.25,1
40,171426,386,10851,60,34,1,1,0.18,1
53,194023,482,21378,48,19,6,1,0.61,1
40,111179,667,5678,60,14,0,3,0.43,1
69,43648,428,35640,36,4,1,2,0.62,1
32,61971,545,38756,48,12,5,0,0.6,1
67,38658,677,34777,36,11,4,3,0.27,1
21,41253,448,31183,60,20,7,1,0.43,1
46,199635,732,32445,36,36,1,2,0.15,1
34,177462,768,6502,48,5,0,0,0.65,1
58,108664,745,26665,48,6,6,4,0.34,1
57,123850,780,21198,36,25,5,0,0.34,0
31,183730,593,26411,48,7,7,0,0.28,0
56,157924,442,20867,48,8,7,1,0.38,1
33,153623,549,19266,36,26,1,1,0.25,1
63,91947,601,44422,60,3,7,4,0.32,1
23,81001,324,40208,48,20,5,4,0.58,1
53,142775,369,48002,48,30,8,4,0.6,1
26,53243,411,36213,48,20,6,3,0.28,1
30,172872,663,12367,48,39,1,3,0.38,1
25,95939,602,18490,36,24,7,1,0.62,1
43,77828,770,40362,60,38,8,1,0.13,0
30,158311,390,43285,60,14,6,4,0.63,1
64,26710,829,14219,12,34,3,3,0.23,1
22,172456,491,11310,48,36,8,2,0.51,1
33,172110,541,41307,48,27,3,3,0.45,1
60,191918,437,34631,12,13,3,1,0.43,1
22,57991,644,19744,60,3,8,3,0.62,1
40,158043,479,24867,24,19,7,1,0.16,1
21,180211,802,23625,24,33,3,4,0.31,1
57,105445,502,11378,60,11,7,4,0.42,1
29,100257,491,24149,48,32,7,4,0.59,1
37,57711,304,47133,24,23,6,2,0.23,1
29,26530,536,16422,36,19,9,2,0.58,1
31,31116,610,32926,36,4,5,1,0.34,1
35,85794,848,42679,12,37,7,0,0.21,0
44,151354,355,38171,60,29,6,2,0.56,1
58,152970,742,18180,60,23,4,1,0.15,0
55,24135,536,32301,24,39,3,3,0.41,1
50,157701,496,41931,48,6,1,4,0.14,1
51,129472,813,29014,60,35,7,4,0.31,1
69,145147,748,35936,24,37,8,4,0.46,1
25,109087,659,19336,24,15,3,1,0.43,0
64,53380,329,27200,60,14,3,4,0.34,1
34,149951,407,10470,24,22,4,2,0.36,1
31,37071,744,35859,12,11,1,3,0.24,1
29,40074,737,19953,12,28,6,4,0.37,1
54,87843,756,44044,60,14,4,1,0.67,1
32,59901,794,43507,48,28,5,3,0.61,1
55,31205,546,32433,12,20,3,4,0.19,1
55,144661,842,30957,12,14,7,0,0.12,0
21,25906,738,11523,60,13,7,4,0.66,1
60,153663,577,26387,36,15,4,2,0.42,1
42,145576,410,36169,24,14,5,3,0.42,1
49,82987,684,27990,12,3,2,2,0.57,1
28,100685,490,34661,36,26,0,0,0.29,1
31,130454,789,18419,48,22,8,0,0.39,0
61,125487,725,19457,36,28,8,2,0.68,1
57,74400,704,7064,60,8,2,3,0.5,1
34,176222,634,43083,48,6,3,0,0.19,0
50,51852,508,15566,48,3,6,0,0.18,1
55,193942,321,38085,36,4,1,4,0.22,1
41,72756,507,36528,60,4,2,1,0.56,1
57,135357,307,11130,12,10,5,0,0.28,1
25,139052,828,45187,36,27,7,3,0.11,1
39,76481,465,7042,12,15,0,3,0.67,1
34,21283,795,9598,36,29,3,4,0.2,1
46,53691,728,47982,12,3,0,3,0.11,1
24,152197,462,37886,36,1,1,4,0.24,1
45,46170,665,38477,48,2,7,0,0.24,0
65,28438,825,33716,24,20,5,0,0.35,1
62,40095,538,17601,48,5,8,0,0.65,1
45,167226,371,41018,12,17,1,0,0.63,1
38,159076,744,13061,60,4,2,1,0.37,0
60,29752,808,13609,48,8,8,1,0.35,1
28,75426,568,40371,24,19,8,0,0.43,1
59,46819,714,49814,12,27,5,3,0.25,1
60,112051,544,22485,48,25,2,4,0.13,1
34,175289,359,25805,36,17,4,2,0.66,1
52,52994,305,12857,60,18,1,4,0.21,1
58,166108,706,16620,12,2,6,2,0.22,1
53,117756,516,13177,48,8,9,2,0.38,1
43,160659,325,35111,12,35,7,0,0.39,1
35,115665,304,28042,36,30,5,2,0.11,1
53,151717,831,23645,24,16,7,0,0.19,0
45,182002,689,29405,48,22,1,1,0.33,0
37,101835,747,16826,12,33,2,3,0.51,1
53,142232,445,18890,12,4,6,2,0.24,1
67,181162,687,21892,12,14,9,3,0.35,1
22,177547,548,14484,24,2,0,0,0.43,1
34,169960,825,10495,12,18,6,2,0.63,1
60,63732,761,33481,60,27,5,4,0.3,1
60,66305,312,16267,60,2,7,1,0.18,1
59,197109,683,45166,12,37,6,1,0.39,0
26,29346,698,11743,60,3,3,2,0.55,1
26,20587,318,42939,48,23,2,1,0.17,1
23,32763,790,31569,60,30,2,4,0.35,1
27,89615,718,33552,12,10,3,3,0.11,1
28,187188,636,48730,36,36,8,4,0.12,1
62,140987,718,33948,48,0,8,1,0.39,0
35,111353,421,15775,24,8,1,3,0.28,1
67,115648,731,8557,12,16,4,4,0.61,1
49,45556,343,8587,24,0,0,0,0.46,1
53,79042,616,21535,36,2,3,0,0.37,0
50,38099,680,5954,24,25,1,3,0.34,1
59,129089,444,28544,12,30,7,3,0.4,1
47,196168,626,38455,12,25,3,3,0.12,1
56,164302,662,46269,36,22,4,0,0.64,1
49,180081,349,20138,12,29,3,4,0.7,1
58,53866,364,47462,36,9,4,3,0.21,1
53,125400,654,8127,36,7,4,0,0.17,0
57,104246,463,28147,12,24,4,3,0.19,1
47,96975,440,16559,60,21,2,3,0.5,1
53,192927,427,8395,36,14,6,3,0.5,1
24,101557,697,30389,12,9,2,0,0.61,1
42,157488,762,5845,60,19,1,4,0.55,1
22,92516,486,38932,36,22,2,0,0.37,1
30,169130,489,43672,60,0,2,0,0.47,1
25,191790,687,18731,48,1,7,3,0.51,1
30,52602,728,38122,48,18,3,2,0.41,1
53,178588,583,40585,60,13,2,2,0.39,1
58,149295,536,8832,36,7,9,2,0.49,1
33,107969,493,37332,12,37,4,0,0.43,1
51,152161,586,17467,24,11,3,3,0.49,1
67,188418,435,46025,12,25,8,2,0.47,1
56,161559,470,18107,24,26,7,1,0.53,1
65,20155,458,17458,24,28,6,1,0.49,1
44,143950,500,33666,36,14,7,1,0.41,1
35,87494,786,48481,60,0,4,4,0.51,1
49,96229,803,7581,12,27,3,3,0.37,1
28,124648,670,14582,60,2,6,0,0.25,0
25,58547,402,13418,48,17,0,0,0.1,1
49,48795,424,33091,36,33,5,3,0.44,1
67,41447,612,34113,36,31,7,4,0.45,1
24,187670,757,23827,48,28,6,3,0.68,1
32,192886,529,19419,12,24,1,4,0.32,1
65,107960,496,16814,48,25,6,2,0.34,1
22,83278,722,38804,12,38,5,2,0.22,1
47,75077,470,15024,24,7,4,4,0.14,1
51,132782,681,48700,36,18,3,3,0.56,1
56,122932,472,12435,12,21,0,2,0.25,1
56,160600,752,6548,60,28,1,3,0.47,1
46,129869,649,10065,60,32,6,2,0.51,1
63,159251,793,27880,36,37,9,3,0.38,1
47,68781,303,8407,48,34,2,3,0.63,1
25,175024,392,38407,48,2,4,1,0.37,1
40,73798,305,37940,12,18,7,4,0.27,1
31,118696,587,10666,48,9,7,0,0.64,1
30,70939,445,42122,36,26,5,4,0.62,1
60,49516,723,30092,12,14,4,3,0.2,1
58,161521,756,15109,24,10,1,3,0.12,1
26,70290,501,40654,48,25,8,4,0.15,1
28,146688,511,39932,48,23,0,3,0.27,1
43,106661,305,31505,12,12,1,2,0.68,1
67,92954,675,41713,60,31,0,3,0.44,1
46,42746,746,48169,48,36,3,4,0.32,1
66,87990,405,12746,36,3,3,4,0.63,1
63,78810,700,16975,48,12,4,4,0.37,1
32,138362,395,45522,24,8,4,1,0.29,1
46,166295,687,20596,48,33,7,1,0.66,1
33,153669,751,42953,60,36,2,1,0.61,1
60,22659,715,38861,48,6,5,1,0.61,1
38,106516,803,8880,12,0,2,1,0.41,0
45,94567,753,48454,48,11,1,1,0.57,1
53,35037,590,48539,60,20,7,1,0.21,0
67,146498,833,48448,12,10,0,4,0.44,1
60,197810,492,7785,36,13,8,0,0.69,1
63,32109,449,27449,12,33,6,1,0.27,1
32,42010,814,19799,24,33,9,4,0.58,1
64,28787,692,44307,12,24,3,0,0.39,1
56,159544,615,48333,36,3,2,1,0.12,0
68,174455,375,45828,48,25,5,0,0.56,1
24,81709,569,8990,12,15,8,0,0.2,1
25,54518,524,24073,12,9,8,2,0.48,1
57,73909,829,41863,12,1,3,3,0.15,1
28,38351,412,19549,12,34,9,2,0.67,1
62,35282,550,23259,36,18,4,0,0.28,1
69,172850,532,24790,60,5,8,4,0.24,1
48,175336,382,14979,60,18,1,1,0.18,1
51,25075,424,25316,12,7,1,3,0.67,1
29,199526,474,31183,36,13,4,1,0.53,1
49,48365,368,33324,36,9,0,4,0.54,1
34,199272,346,29624,12,2,7,3,0.4,1
60,31002,555,43176,24,37,4,2,0.38,1
61,33947,329,25245,12,28,9,0,0.17,1
42,114840,580,28790,24,14,1,4,0.44,1
31,136219,536,31756,12,22,8,0,0.25,1
43,98610,547,7833,24,22,1,0,0.69,1
21,72142,667,10285,24,17,6,1,0.58,1
66,76307,794,14589,12,18,7,4,0.35,1
57,155565,324,19116,24,27,5,0,0.19,1
41,70085,789,12645,48,25,6,2,0.57,1
46,54228,793,49786,60,9,0,3,0.17,1
66,182727,613,34150,36,3,3,4,0.21,1
56,63472,674,15889,24,1,6,1,0.23,0
43,69437,324,35286,24,2,0,4,0.43,1
21,79711,633,42545,36,6,0,1,0.57,1
60,157888,654,20994,24,15,5,3,0.29,1
35,97175,415,40503,36,30,3,2,0.15,1
41,84307,347,29662,12,9,2,0,0.38,1
67,66733,398,44136,48,18,4,4,0.55,1
29,148202,758,31639,48,27,8,1,0.23,0
29,115028,822,22205,60,16,9,3,0.23,1
30,162312,704,37930,24,27,9,0,0.67,1
46,112493,513,12777,60,18,9,3,0.67,1
61,145149,802,33315,12,36,2,2,0.69,1
55,183834,747,31973,48,22,4,0,0.58,1
45,28259,557,23316,12,19,9,0,0.21,1
46,148775,420,32304,12,12,4,0,0.23,1
31,34849,353,41303,24,12,8,1,0.3,1
58,101768,630,35522,12,10,9,0,0.29,0
22,126108,540,27340,48,14,3,3,0.67,1
27,109709,829,24830,60,16,0,1,0.57,1
38,74869,782,18403,48,27,9,0,0.53,1
47,146888,486,19516,24,18,4,3,0.21,1
54,83095,561,24091,48,3,0,3,0.65,1
47,137886,663,12959,36,21,5,4,0.6,1
37,90910,790,36932,60,21,9,3,0.2,1
63,43567,730,35554,36,36,9,2,0.62,1
64,55292,538,41701,36,38,6,0,0.26,1
44,94813,603,8385,24,33,0,0,0.15,0
45,117136,597,38690,12,32,9,0,0.49,1
27,71631,375,15367,36,39,3,3,0.49,1
26,29885,632,38332,48,32,8,3,0.16,1
44,86314,773,24642,12,11,0,0,0.29,0
53,85087,582,15789,48,1,8,1,0.7,1
69,180237,371,40268,48,27,7,1,0.51,1
49,115998,562,25950,12,9,4,2,0.54,1
63,69812,311,30563,12,21,5,4,0.23,1
42,78643,440,44649,48,16,6,2,0.15,1
46,64900,316,41404,24,25,3,0,0.27,1
48,194018,362,37991,60,2,5,0,0.25,1
41,158923,552,44065,60,6,6,0,0.24,1
69,36288,764,5350,24,7,5,4,0.22,1
27,92692,675,23312,12,19,5,3,0.44,1
37,158440,819,29127,48,11,1,4,0.3,1
40,105436,389,33853,60,34,4,2,0.59,1
61,66403,474,42500,48,16,2,3,0.21,1
69,111170,375,38785,24,27,6,3,0.38,1
40,29168,699,23610,48,9,3,2,0.11,1
42,69879,370,28590,24,21,0,3,0.39,1
48,79871,479,34443,12,37,5,1,0.13,1
60,52174,423,12170,24,32,5,2,0.69,1
69,157653,680,18303,24,21,6,2,0.57,1
27,130155,592,11207,60,36,7,1,0.39,0
21,91853,494,17316,48,12,2,4,0.15,1
52,84046,527,40187,60,26,5,4,0.46,1
33,69678,730,11240,36,14,9,4,0.56,1
50,46649,735,6893,24,21,1,3,0.21,1
43,147795,760,18753,36,29,8,1,0.44,0
39,108668,320,43090,60,39,1,2,0.59,1
52,165639,363,16232,48,36,2,2,0.56,1
50,109906,464,22509,60,33,9,2,0.58,1
49,116019,326,8117,48,33,1,3,0.63,1
69,98002,610,41929,48,34,8,3,0.66,1
65,48803,584,9042,12,18,0,4,0.34,1
49,169302,580,42201,24,7,4,3,0.44,1
50,168934,463,31746,60,38,0,4,0.57,1
36,194427,523,19016,48,32,4,4,0.52,1
60,182331,445,30022,60,27,7,2,0.7,1
39,50795,329,40426,60,36,7,3,0.11,1
38,28770,344,32938,48,24,7,4,0.31,1
21,31093,770,48678,36,35,1,1,0.27,1
34,197643,333,40712,24,16,7,1,0.26,1
67,151265,726,44978,24,23,4,3,0.23,1
22,120311,520,13787,12,20,0,2,0.53,1
48,37569,833,6986,12,1,6,2,0.15,1
69,31190,666,15942,12,30,5,4,0.54,1
50,82824,849,22458,24,32,4,3,0.52,1
58,193824,415,17161,36,29,0,1,0.25,1
24,183399,538,25689,24,11,0,4,0.25,1
21,62070,634,34163,24,11,5,4,0.48,1
28,60197,740,40775,24,23,9,0,0.56,1
49,22261,447,38737,24,23,6,3,0.63,1
59,177584,308,13772,36,10,9,4,0.61,1
23,157788,587,40592,12,12,9,1,0.68,1
52,106795,687,6211,60,26,0,0,0.45,0
30,48933,349,5229,12,7,8,1,0.65,1
30,155450,816,19345,12,9,3,2,0.59,1
39,60583,577,40953,60,7,4,0,0.64,1
66,132082,599,36819,24,19,1,0,0.11,0
54,105371,434,21885,36,7,9,4,0.68,1
53,180105,446,31708,36,8,7,2,0.38,1
43,175072,789,5048,12,6,1,4,0.58,1
48,131032,777,24950,60,13,2,3,0.18,1
52,62604,458,20173,48,27,8,1,0.34,1
27,115074,683,38737,24,1,1,1,0.26,0
49,93869,462,33036,12,7,5,4,0.27,1
28,25410,740,10820,36,12,3,1,0.17,1
21,103375,488,19292,60,20,6,1,0.58,1
23,116055,714,8052,60,27,5,3,0.11,1
44,157868,638,49377,12,34,9,2,0.29,1
43,106716,480,28781,48,22,8,0,0.2,1
28,74245,587,7302,36,14,8,4,0.45,1
67,63056,486,7283,12,1,9,4,0.25,1
57,168781,437,47567,48,11,3,3,0.26,1
23,78557,429,20620,60,35,0,3,0.39,1
53,37543,493,35461,24,2,1,0,0.49,1
48,188490,615,25750,36,4,7,2,0.17,1
67,116038,443,37890,36,2,9,4,0.21,1
28,167796,315,28183,48,18,7,3,0.25,1
54,23828,601,14472,12,1,1,4,0.68,1
55,136656,722,8727,60,36,3,1,0.34,0
52,37087,544,30523,48,16,0,4,0.46,1
44,163677,406,35766,24,13,6,2,0.24,1
34,51337,387,42726,24,27,3,2,0.39,1
52,156554,428,5524,24,26,7,4,0.14,1
66,85333,640,14079,48,9,8,1,0.12,0
63,156535,303,13399,60,2,8,2,0.38,1
36,90448,626,32370,36,35,2,3,0.34,1
24,24648,709,21532,12,37,4,4,0.18,1
57,150576,605,21821,36,24,5,1,0.51,1
41,53623,524,48162,60,21,5,3,0.7,1
34,55634,647,8749,36,38,9,4,0.34,1
51,195674,620,16353,48,29,7,1,0.47,1
68,134598,480,33477,24,20,5,3,0.68,1
38,69334,685,29570,60,29,5,2,0.6,1
27,88648,407,25837,60,27,3,4,0.38,1
30,42054,830,16437,36,30,6,4,0.54,1
27,90028,709,43104,48,25,7,2,0.18,1
53,42207,595,9551,36,21,2,0,0.41,0
43,101554,470,7823,36,20,6,3,0.27,1
41,172458,630,17916,60,0,2,2,0.2,1
39,103276,792,20167,36,36,7,4,0.36,1
68,72781,494,46445,24,12,0,3,0.18,1
39,195271,311,13391,36,20,0,3,0.52,1
56,81035,494,17658,24,8,5,0,0.37,1
49,28210,789,34685,60,16,9,4,0.42,1
38,64363,481,28380,48,20,8,1,0.19,1
22,98279,615,47431,24,30,3,0,0.18,0
21,173504,329,33919,48,38,5,0,0.45,1
67,154393,395,7311,48,21,4,1,0.69,1
25,101348,680,44993,24,11,0,1,0.16,0
40,188455,743,49333,60,5,5,0,0.27,0
31,133816,597,48038,12,15,8,3,0.62,1
62,143053,660,18560,48,25,2,2,0.14,1
22,186892,673,43553,48,4,2,2,0.63,1
23,86262,602,30993,60,8,1,0,0.41,0
43,154832,720,35492,60,39,3,3,0.34,1
32,173262,545,25981,36,13,9,1,0.29,1
40,87411,536,29143,60,29,2,0,0.28,1
25,43377,833,17067,48,25,1,4,0.28,1
57,197809,484,28916,24,28,0,3,0.63,1
58,58211,767,46508,12,18,2,4,0.53,1
50,23744,662,8815,36,7,9,4,0.5,1
29,44995,582,36836,24,22,5,0,0.58,1
54,168049,635,42477,12,34,8,3,0.25,1
64,54542,461,42275,12,30,4,4,0.47,1
55,30651,459,44343,12,34,2,3,0.38,1
42,119239,773,9773,24,31,4,2,0.57,1
64,98931,621,17446,36,4,4,4,0.29,1
44,122112,311,35733,36,15,4,4,0.49,1
37,36715,723,15464,12,16,6,3,0.63,1
30,195481,372,26576,24,31,4,2,0.34,1
50,175378,500,8320,12,37,6,4,0.14,1
66,170158,821,15750,60,31,8,0,0.41,0
43,165448,804,42466,36,19,4,3,0.31,1
52,81350,338,31572,48,1,1,3,0.5,1
37,91425,359,22948,12,19,4,4,0.67,1
37,187708,620,43826,60,17,7,2,0.39,1
34,106120,734,28515,36,0,3,4,0.38,1
29,134889,707,32867,24,28,1,1,0.49,1
60,185682,685,5726,36,28,9,4,0.16,1
22,161130,377,30820,24,18,2,1,0.25,1
65,94637,493,11697,24,39,8,0,0.65,1
45,90194,584,49678,12,5,8,3,0.5,1
59,96917,826,47025,12,38,7,3,0.11,1
29,84200,823,17963,36,7,7,2,0.22,1
42,125848,455,6081,60,23,7,4,0.51,1
63,126022,639,25269,36,19,7,0,0.56,1
66,197691,424,15776,48,13,7,1,0.6,1
24,168226,579,36816,24,4,0,2,0.28,1
46,170611,427,19196,24,39,5,0,0.66,1
49,80058,613,47112,12,33,8,0,0.43,0
65,82068,631,20958,60,15,7,1,0.52,1
54,119932,449,28369,12,6,2,1,0.46,1
43,181445,753,16689,48,15,0,3,0.17,1
57,184226,335,22331,36,6,1,4,0.68,1
31,157103,719,42528,36,26,1,2,0.17,1
26,42785,321,18436,60,13,6,4,0.25,1
38,179741,505,5066,12,13,5,2,0.59,1
41,114475,655,35725,12,32,1,0,0.47,1
62,22282,739,30212,48,32,7,1,0.6,1
56,185696,395,38332,36,19,8,1,0.41,1
61,199510,463,30401,12,35,6,0,0.33,1
58,87534,447,18393,60,6,3,0,0.65,1
54,182777,829,8670,36,31,0,2,0.12,1
37,189316,593,30601,48,2,3,0,0.61,1
57,94964,494,7251,60,38,3,2,0.24,1
45,188509,779,38572,24,28,7,4,0.61,1
58,139006,422,32027,48,23,3,1,0.18,1
32,70583,699,36846,60,21,3,1,0.45,0
43,58392,751,26015,12,5,1,1,0.63,1
62,27461,403,14583,24,23,9,4,0.38,1
42,120123,761,28104,48,39,6,4,0.55,1
41,30516,695,17224,12,22,3,3,0.58,1
47,168586,636,43784,24,37,5,2,0.54,1
51,141251,441,35836,36,9,2,2,0.66,1
26,187340,616,34299,12,15,6,3,0.37,1
47,187860,826,18036,60,10,5,1,0.2,0
60,82493,700,24933,48,31,2,2,0.13,1
54,56027,609,17392,24,5,3,2,0.25,1
32,113547,794,12938,12,23,9,1,0.19,0
65,193921,408,9141,36,32,4,0,0.43,1
27,120127,671,28350,48,11,8,0,0.21,0
30,168930,505,14546,48,26,5,3,0.12,1
65,99003,342,10335,12,37,3,4,0.12,1
37,59758,544,10077,36,17,6,2,0.6,1
46,74312,586,10611,24,38,1,2,0.45,1
41,88670,654,45857,12,12,3,3,0.31,1
48,102279,775,40660,24,39,4,3,0.64,1
66,35434,382,10577,48,29,3,2,0.14,1
22,198847,409,25002,24,12,3,1,0.69,1
63,95769,489,44451,36,33,8,1,0.47,1
21,86677,550,39275,60,35,1,4,0.21,1
56,103555,590,33647,36,29,5,2,0.51,1
46,148379,500,39831,24,24,7,2,0.56,1
49,196806,625,39768,12,1,7,2,0.36,1
41,121665,810,35962,48,35,6,2,0.62,1
31,191675,708,34583,60,17,9,3,0.19,1
60,88803,807,6294,12,4,3,0,0.27,0
31,190404,371,20096,12,18,6,2,0.16,1
56,111703,546,41833,36,17,9,0,0.23,1
69,41312,643,32328,24,31,5,1,0.24,0
59,195251,353,29398,36,20,5,4,0.65,1
60,137961,827,22706,24,9,1,1,0.15,0
55,60379,831,27340,36,36,7,2,0.36,1
54,37297,492,23825,12,21,7,1,0.42,1
67,22011,357,22482,48,12,6,3,0.64,1
44,140234,736,14318,24,16,8,0,0.7,1
42,64014,410,46256,60,8,7,2,0.55,1
25,162810,428,49009,60,23,8,3,0.68,1
53,114333,625,48185,12,13,8,0,0.57,1
56,198570,307,20574,36,7,5,3,0.68,1
67,31120,328,19650,36,36,1,1,0.52,1
40,159839,411,33930,12,18,6,2,0.15,1
39,42852,430,25171,60,27,2,1,0.34,1
55,99239,487,39864,60,29,6,4,0.49,1
63,152001,774,16801,36,6,8,2,0.31,1
37,111575,663,27372,24,25,9,1,0.26,0
65,115040,503,21559,48,39,9,2,0.45,1
63,168510,511,37334,24,10,1,0,0.66,1
54,199587,575,44937,60,13,5,2,0.12,1
29,25744,372,18288,24,20,5,2,0.56,1
46,193489,542,27398,48,7,8,0,0.53,1
22,158141,401,15694,24,2,8,1,0.68,1
29,62359,470,17191,24,27,4,2,0.66,1
29,170871,487,23051,24,28,4,3,0.56,1
60,118746,740,15737,24,22,8,2,0.41,1
37,140906,385,30251,12,17,7,1,0.22,1
21,27597,775,10147,60,34,6,0,0.43,1
45,67093,351,24643,48,12,7,1,0.56,1
63,188298,410,43967,60,11,5,4,0.64,1
60,134650,342,38314,12,4,2,2,0.57,1
62,177489,510,42999,12,38,6,2,0.22,1
45,169765,499,45733,12,10,7,0,0.46,1
59,140956,325,23467,12,10,7,2,0.3,1
55,135598,598,39808,24,30,0,3,0.11,1
23,153241,376,6752,60,30,6,3,0.22,1
57,173124,436,6849,36,12,2,1,0.17,1
64,28036,319,7642,48,13,1,0,0.61,1
64,51778,739,6600,12,24,1,4,0.26,1
50,178806,510,25786,60,32,7,1,0.27,1
58,174245,734,49565,12,32,8,0,0.68,1
54,181475,506,25183,12,14,2,0,0.33,1
32,157416,738,6132,12,15,2,1,0.11,0
39,38800,341,43259,12,37,5,1,0.27,1
57,45372,710,36076,12,5,9,2,0.17,1
64,81516,822,43563,48,24,0,4,0.16,1
69,40538,726,31691,60,14,5,3,0.15,1
37,83918,574,48299,12,3,2,2,0.46,1
30,166045,747,15931,12,3,3,0,0.21,0
69,91155,668,12633,12,29,8,4,0.32,1
67,79500,519,42777,12,33,2,4,0.62,1
32,187647,531,39881,24,26,0,1,0.35,1
36,193333,627,6044,24,30,2,4,0.65,1
44,130659,742,40199,36,31,6,4,0.4,1
39,47716,351,29363,12,38,6,0,0.34,1
28,154308,675,6582,36,8,4,2,0.55,1
51,166920,562,19374,48,7,0,4,0.14,1
41,22352,566,6308,36,13,7,1,0.15,1
37,153004,658,26301,60,32,9,2,0.49,1
43,96449,616,13793,24,22,7,1,0.39,0
57,28556,623,6620,24,20,9,4,0.57,1
36,106836,720,34883,12,11,9,2,0.65,1
26,156570,345,42534,12,1,9,4,0.33,1
28,70098,568,42960,48,12,1,0,0.46,1
45,132169,680,44390,48,3,9,2,0.4,1
38,160641,417,11093,60,19,2,1,0.69,1
45,146060,415,27259,12,13,3,0,0.6,1
32,150544,559,25655,12,29,0,3,0.65,1
35,20340,374,38005,48,28,3,1,0.25,1
46,195021,779,36629,48,7,4,4,0.56,1
61,102302,604,28610,48,11,2,1,0.26,0
65,20138,306,26602,24,37,9,3,0.23,1
46,151430,665,25409,36,25,1,1,0.67,1
67,139619,822,16110,36,1,5,0,0.11,0
52,105376,647,11073,12,39,7,1,0.68,1
30,119931,737,40310,24,13,6,2,0.19,1
36,181726,514,20282,48,5,0,3,0.59,1
27,176951,728,15195,12,39,3,1,0.27,0
37,101532,797,6537,24,30,2,3,0.31,1
43,75778,839,22138,60,16,5,0,0.23,0
46,57772,666,49328,24,24,8,2,0.45,1
41,78478,612,45164,12,31,8,4,0.31,1
42,46762,837,29207,36,11,6,1,0.49,1
27,164355,353,25619,48,12,8,0,0.11,1
34,190492,840,29845,60,18,7,3,0.14,1
35,75568,766,29310,24,24,4,3,0.16,1
27,105090,463,42899,12,30,8,0,0.35,1
29,40219,633,35562,12,36,6,1,0.59,1
68,77169,846,33036,48,24,4,4,0.63,1
28,94965,647,13697,12,15,7,1,0.25,0
43,197912,572,22513,12,37,6,2,0.44,1
49,195767,713,48039,48,22,8,1,0.56,1
38,104754,799,8145,60,13,9,2,0.27,1
51,97988,392,32818,36,5,0,3,0.35,1
50,170023,378,35544,36,24,8,2,0.41,1
59,152379,516,18100,24,22,6,4,0.18,1
55,100388,657,25104,60,11,0,0,0.12,0
38,110768,806,9067,24,12,0,2,0.19,1
62,55428,480,41963,36,35,4,1,0.48,1
59,112021,545,35728,48,38,7,2,0.14,1
37,138418,543,37317,12,33,8,3,0.21,1
34,190047,805,36416,36,5,5,2,0.3,1
51,152212,721,47012,60,37,9,4,0.15,1
44,175914,619,45049,36,39,7,2,0.22,1
55,46421,386,7509,60,7,5,4,0.65,1
64,21708,516,26400,60,7,5,1,0.11,1
65,154702,789,11533,60,39,3,3,0.49,1
54,170667,818,19670,24,32,4,0,0.33,0
23,96021,577,8932,48,33,1,1,0.5,1
57,179380,468,43328,36,14,2,1,0.45,1
63,64789,629,41784,48,35,2,0,0.23,0
60,46086,740,28723,12,34,4,2,0.61,1
46,36859,690,5719,36,21,4,2,0.4,1
43,27684,795,5074,48,22,5,2,0.59,1
64,111088,680,31498,48,39,4,3,0.34,1
59,152279,605,36345,12,21,5,1,0.69,1
35,66099,812,25541,60,4,7,4,0.56,1
69,86093,487,39917,36,30,1,0,0.68,1
24,180761,815,31028,36,12,3,1,0.41,0
49,68651,726,34545,12,27,5,2,0.38,1
42,33893,801,19033,60,19,4,0,0.55,1
45,86418,559,36673,36,32,0,4,0.63,1
33,145074,812,35974,36,15,8,1,0.68,1
38,123065,370,28097,36,28,2,1,0.29,1
53,150351,777,41975,60,22,1,3,0.58,1
36,58635,477,32608,12,23,8,1,0.23,1
65,115071,756,28525,36,33,6,1,0.43,0
62,98518,488,20043,48,6,4,4,0.21,1
64,126233,590,46846,60,37,5,4,0.31,1
22,123651,819,16725,24,36,3,0,0.66,1
55,92805,591,41704,12,3,0,2,0.19,1
62,179136,582,47075,48,33,3,4,0.48,1
54,142813,843,42383,36,21,8,0,0.46,1
50,99063,676,34483,24,4,0,1,0.17,0
33,22454,455,12265,12,22,9,0,0.3,1
33,40878,807,27763,60,14,2,0,0.44,0
38,164063,712,15116,24,30,4,0,0.21,0
52,88344,827,20733,24,8,6,0,0.58,1
52,124946,654,30502,48,24,8,4,0.68,1
55,56593,486,42420,12,24,5,2,0.23,1
59,56304,330,48241,48,20,2,0,0.21,1
66,181458,559,14247,48,8,6,3,0.37,1
49,133613,720,28840,36,37,3,1,0.55,1
69,172155,828,26058,60,21,2,1,0.27,0
49,38354,603,39929,24,22,6,1,0.11,0
64,42190,338,23635,12,3,6,1,0.42,1
36,26142,788,30628,60,28,3,1,0.67,1
64,179470,841,36362,60,14,6,0,0.33,0
67,61862,577,25953,12,0,1,2,0.35,1
30,170575,502,24128,60,29,0,3,0.68,1
50,145438,365,17061,36,28,1,4,0.52,1
45,68456,407,11041,60,19,3,3,0.53,1
59,120167,567,17673,36,32,7,4,0.44,1
40,102035,521,26059,24,35,2,4,0.68,1
25,28016,829,39328,24,21,9,3,0.51,1
21,22384,389,49722,48,12,5,0,0.64,1
50,166144,554,22548,36,6,5,1,0.52,1
69,122239,754,20078,24,7,8,0,0.54,1
23,131431,552,10419,60,27,8,1,0.27,1
65,100018,556,40490,12,8,3,2,0.28,1
34,60510,682,15550,12,24,8,4,0.57,1
50,41826,741,35337,36,15,5,3,0.28,1
24,88026,389,6468,48,9,1,2,0.44,1
38,141668,689,29309,60,10,9,1,0.25,0
57,176590,343,5808,36,30,5,0,0.59,1
45,44045,318,29747,12,11,1,3,0.17,1
68,110102,400,11719,36,30,7,4,0.6,1
21,71919,656,21363,60,13,3,2,0.46,1
66,119441,841,33718,24,31,4,4,0.21,1
35,178175,332,33801,60,16,7,1,0.43,1
29,187260,528,48359,24,34,7,4,0.27,1
35,156917,823,42841,24,0,5,0,0.29,0
69,187746,454,13012,24,28,3,2,0.31,1
44,138325,722,23029,36,3,0,2,0.14,1
24,39337,545,46017,12,22,6,0,0.69,1
32,173385,704,5767,36,27,7,4,0.12,1
57,178015,840,8895,12,15,8,0,0.5,1
57,97949,460,47968,60,11,1,3,0.32,1
63,20276,416,45097,48,20,0,0,0.49,1
26,71151,570,20332,60,16,3,4,0.31,1
59,168683,786,19621,36,39,4,0,0.5,1
66,163016,471,16334,36,12,9,1,0.54,1
44,72887,573,23174,12,31,0,0,0.51,1
31,101442,558,38653,36,36,4,0,0.17,1
33,69847,434,45502,24,14,5,4,0.49,1
54,78653,721,41674,36,11,2,3,0.27,1
45,76622,720,42260,12,14,6,3,0.12,1
27,47810,485,47498,12,33,5,4,0.35,1
24,97842,663,7073,24,5,3,4,0.36,1
28,142225,677,11269,12,16,2,4,0.38,1
40,30503,822,22194,48,19,4,1,0.52,1
49,104761,495,31811,60,8,2,2,0.29,1
65,188048,397,11841,36,4,9,0,0.29,1
66,146439,321,48723,48,22,8,4,0.14,1
30,31590,749,39800,36,32,8,4,0.51,1
63,161958,471,14699,48,37,5,4,0.44,1
54,163938,682,15762,36,13,5,3,0.31,1
46,86624,433,44897,24,16,3,4,0.52,1
61,183864,725,46556,12,18,3,0,0.42,0
69,160836,324,7147,12,32,1,4,0.38,1
23,140356,802,38383,24,0,9,0,0.41,0
26,62727,484,38715,48,12,3,1,0.48,1
25,98471,384,43445,60,26,7,2,0.5,1
25,28068,443,45634,48,5,9,3,0.27,1
67,136923,711,7013,12,5,1,0,0.18,0
43,158367,523,25081,60,32,8,1,0.19,1
69,192232,519,21874,36,29,0,2,0.48,1
29,31390,478,42755,60,34,1,2,0.62,1
55,126752,732,13733,48,22,1,2,0.35,1
40,171203,564,14479,24,9,5,0,0.2,1
69,114754,728,14825,36,18,6,1,0.55,1
62,95969,715,26304,48,27,2,4,0.6,1
55,166110,752,40694,36,22,8,1,0.63,1
38,97064,496,45050,60,3,4,1,0.46,1
37,41281,352,20635,12,19,4,1,0.62,1
44,74189,779,25760,48,18,3,0,0.11,0
23,68511,742,14490,24,26,8,0,0.16,0
52,142115,629,26252,60,33,7,0,0.16,0
55,28605,550,44754,48,3,3,1,0.53,1
58,120318,422,11862,24,37,3,0,0.14,1
33,152453,686,49927,48,6,1,2,0.4,1
67,39810,638,9423,60,6,8,0,0.38,0
45,175394,647,15450,48,25,2,3,0.29,1
29,61869,328,45927,36,25,3,0,0.62,1
24,52955,334,39841,60,18,6,0,0.2,1
34,81388,817,27554,48,8,9,0,0.31,0
57,30207,695,36826,12,19,7,0,0.56,1
54,179292,593,47879,48,15,7,3,0.12,1
31,42031,648,11825,36,16,3,4,0.5,1
61,100807,446,48420,24,21,6,0,0.59,1
23,91312,366,17454,24,12,9,2,0.66,1
48,79766,819,29251,24,11,0,3,0.63,1
49,163521,421,25648,12,9,5,4,0.29,1
29,109833,639,45736,36,0,5,0,0.45,0
23,131041,474,29530,60,31,5,4,0.15,1
45,136185,750,17516,24,29,1,2,0.25,1
54,197164,435,45544,36,7,7,3,0.16,1
32,30350,315,13558,48,20,4,3,0.29,1
62,120859,632,13719,12,21,4,4,0.63,1
29,88487,494,9886,36,17,1,0,0.31,1
35,168694,795,33185,36,1,3,1,0.44,0
60,143853,308,42387,60,8,8,3,0.36,1
45,73117,633,26575,36,2,8,1,0.38,0
25,121084,632,48113,60,25,5,3,0.68,1
31,43782,626,44643,12,20,8,0,0.28,0
54,48454,314,15100,12,29,3,0,0.48,1
44,87904,525,12856,48,27,0,3,0.35,1
35,149936,724,43169,60,35,1,4,0.14,1
58,166664,707,33804,60,25,0,0,0.39,0
28,173245,412,40790,24,33,7,0,0.59,1
25,184276,727,35988,24,7,8,2,0.16,1
68,186668,300,49443,48,9,9,0,0.14,1
46,185396,565,15912,12,13,5,2,0.19,1
38,142258,790,43506,24,39,1,0,0.56,1
26,131668,507,27368,36,14,5,0,0.53,1
57,144184,668,6770,12,16,8,4,0.44,1
68,181822,605,17305,36,17,2,4,0.38,1
33,36566,311,14969,60,31,8,0,0.63,1
48,158262,644,17404,12,37,1,3,0.56,1
25,58333,764,13989,48,22,4,3,0.59,1
33,141929,793,40983,60,22,1,0,0.59,1
37,109571,667,49748,60,34,6,3,0.49,1
60,140263,719,44462,36,38,9,0,0.37,0
65,152661,470,24360,60,14,8,4,0.62,1
52,45235,433,25121,24,23,6,1,0.66,1
49,20159,726,31287,12,27,4,2,0.11,1
23,163217,324,48429,24,15,3,3,0.13,1
60,182993,829,39160,36,15,3,3,0.68,1
54,124859,489,11789,36,39,9,4,0.27,1
60,167309,440,32181,12,38,7,3,0.62,1
47,127507,614,19385,60,5,9,0,0.33,0
33,159316,743,22061,48,1,9,0,0.17,0
65,34743,618,5105,36,12,9,1,0.15,1
53,66101,740,49247,12,8,9,1,0.19,0
26,141534,391,26137,48,33,9,1,0.25,1
44,104227,478,39714,60,16,0,0,0.39,1
39,91126,355,10544,36,26,4,1,0.52,1
36,76071,454,18275,12,28,1,1,0.69,1
60,94763,410,44753,12,36,8,0,0.36,1
48,163309,436,39550,12,21,6,4,0.41,1
53,166721,531,24641,36,23,9,3,0.41,1
68,188785,767,11213,48,6,7,2,0.42,1
61,196481,780,19485,12,33,5,0,0.41,0
33,199838,367,20605,60,11,8,0,0.11,1
63,66154,548,42637,12,22,5,2,0.1,1
65,27016,622,25390,48,14,6,2,0.16,1
45,199760,817,14867,36,32,6,1,0.16,0
62,109678,731,8981,12,12,8,2,0.52,1
56,132056,786,14493,12,22,7,3,0.22,1
47,74238,728,10682,60,37,0,3,0.64,1
58,78608,568,10782,60,31,3,3,0.66,1
27,109081,836,34799,12,34,6,3,0.69,1
25,182969,447,46905,12,0,7,3,0.66,1
63,70961,417,21984,60,4,6,1,0.26,1
65,195829,666,27760,48,12,2,0,0.41,0
51,46917,365,30993,24,4,3,2,0.21,1
43,173808,669,6524,24,31,6,0,0.58,1
62,47990,474,31120,12,20,7,2,0.63,1
30,82551,794,5078,60,23,6,1,0.61,1
52,173512,413,40891,36,17,5,1,0.36,1
63,186277,410,30473,36,20,8,4,0.56,1
50,100811,738,44832,24,9,8,4,0.16,1
59,75103,446,13417,48,23,6,1,0.12,1
51,192699,334,18362,24,39,7,1,0.55,1
38,126122,608,6209,12,20,5,2,0.36,1
56,39008,837,42921,48,24,0,1,0.7,1
22,52402,313,9898,36,22,0,0,0.16,1
34,156865,673,23562,60,21,5,2,0.61,1
33,156643,727,15871,60,3,1,1,0.39,0
49,167281,532,12610,12,33,7,2,0.6,1
32,133550,739,48845,24,5,0,2,0.59,1
59,194220,801,32382,12,27,1,3,0.65,1
22,111218,574,20791,60,30,7,4,0.28,1
52,153296,375,40312,36,34,5,2,0.67,1
33,199767,738,43290,60,38,9,2,0.19,1
66,140779,588,7370,48,22,1,3,0.15,1
47,149714,839,24665,60,5,1,1,0.36,0
69,52441,552,9710,60,15,6,2,0.6,1
61,190201,425,5328,48,1,4,3,0.38,1
37,82368,476,43347,24,23,4,0,0.6,1
60,112122,336,25612,60,16,7,3,0.54,1
51,64760,709,11794,12,0,6,4,0.23,1
54,43478,426,37888,60,5,8,4,0.67,1
44,147881,782,11749,12,4,3,1,0.14,0
65,91854,467,25608,48,28,9,1,0.64,1
55,114230,593,20450,60,11,3,4,0.28,1
68,105716,642,8675,48,38,1,4,0.4,1
26,163252,609,23460,48,2,2,2,0.35,1
39,118538,827,43411,24,0,0,4,0.2,1
50,35372,839,16560,60,26,0,1,0.31,0
27,49796,718,37463,12,23,6,4,0.22,1
30,118826,743,36663,12,18,4,1,0.22,0
61,140592,535,8170,60,7,2,0,0.21,1
52,113635,738,38123,24,1,6,4,0.39,1
54,131022,513,33810,24,29,1,1,0.58,1
48,74040,384,14718,24,29,2,3,0.44,1
35,95357,384,5028,12,38,0,2,0.64,1
50,98356,788,22397,48,31,7,1,0.48,1
57,36211,364,48662,24,0,1,4,0.51,1
49,125426,363,46787,12,37,6,4,0.5,1
42,25842,642,7024,12,12,8,0,0.37,1
24,86852,651,43607,48,10,5,3,0.51,1
40,145737,457,18503,60,9,1,1,0.14,1
52,65968,790,15303,60,25,1,3,0.62,1
56,37508,762,22138,24,19,8,0,0.57,1
24,173077,524,30345,24,16,9,2,0.25,1
47,74575,612,34505,48,16,7,3,0.56,1
37,170043,765,6906,24,3,8,0,0.11,0
32,176671,387,45167,48,4,3,1,0.23,1
42,86914,602,12961,12,22,3,2,0.14,1
37,87055,734,31140,24,9,1,4,0.57,1
30,107697,434,17031,12,27,9,0,0.55,1
21,126239,349,20128,36,32,0,4,0.59,1
42,143106,731,20663,48,25,9,2,0.1,1
46,25355,639,39228,36,28,3,0,0.4,1
38,74120,646,20682,24,26,9,0,0.52,1
34,58342,646,20193,12,17,9,2,0.19,1
67,22257,544,33561,24,39,7,1,0.49,1
49,47364,408,48813,36,9,1,0,0.15,1
32,176044,832,12766,24,4,7,2,0.21,1
56,131715,389,34844,60,9,0,3,0.39,1
55,46654,595,34432,36,20,0,4,0.49,1
32,101423,411,34504,24,23,3,0,0.19,1
27,49320,476,42146,12,37,6,3,0.21,1
49,40808,642,45297,24,2,8,0,0.22,0
31,72389,400,25858,12,39,4,1,0.24,1
53,138581,700,8071,60,30,1,2,0.24,1
26,147927,327,21939,24,36,6,0,0.34,1
67,54773,836,29931,60,1,1,2,0.49,1
35,178819,357,49460,36,1,8,0,0.36,1
52,96396,797,6040,12,38,8,1,0.57,1
31,127692,596,7686,36,33,2,1,0.53,1
43,77505,433,17666,12,19,7,3,0.18,1
46,105896,630,40321,60,32,3,1,0.13,0
54,38135,548,6779,48,3,2,2,0.63,1
66,110887,849,18186,24,10,0,1,0.15,0
54,142118,374,21459,60,4,4,0,0.19,1
49,67377,467,25710,12,24,3,1,0.11,1
24,174626,802,27219,12,36,0,2,0.48,1
37,82491,654,10057,12,33,9,0,0.45,0
55,78283,524,23733,12,8,7,3,0.69,1
33,36923,830,24157,24,5,7,3,0.63,1
61,67591,445,40030,36,17,7,3,0.35,1
59,82261,540,24613,48,13,2,0,0.32,1
35,74336,643,48076,24,18,5,3,0.28,1
49,94083,334,22492,12,13,6,1,0.19,1
49,80948,300,25746,24,39,8,0,0.18,1
31,184074,452,10188,60,16,4,0,0.18,1
52,46672,728,46570,12,34,8,0,0.17,0
22,24213,807,34680,48,28,5,4,0.24,1
67,161365,425,42825,12,16,9,2,0.28,1
34,82507,790,41766,48,7,9,4,0.68,1
40,77134,781,13864,48,0,9,4,0.45,1
42,153172,644,41445,36,35,3,4,0.69,1
31,48172,520,10796,36,6,0,2,0.32,1
47,40132,324,44131,24,4,0,4,0.37,1
23,38199,827,13123,24,23,9,3,0.29,1
37,56609,481,13222,48,27,4,0,0.21,1
64,194037,798,29074,12,16,2,0,0.19,0
48,159088,341,34825,60,36,4,1,0.67,1
49,190851,780,41839,60,19,4,3,0.69,1
41,51881,738,46576,12,2,0,2,0.13,1
67,44472,701,7786,12,36,7,0,0.19,0
36,187093,845,38638,36,25,4,4,0.35,1
57,74131,644,41964,60,14,4,1,0.21,0
40,175159,344,49564,48,7,8,1,0.32,1
26,32828,320,30988,24,12,7,0,0.18,1
39,116664,369,40507,36,2,0,3,0.37,1
25,152473,347,38708,60,0,2,1,0.26,1
23,35193,790,38108,12,8,6,0,0.31,0
21,195936,586,34715,60,30,0,3,0.16,1
58,171379,309,28806,48,25,0,0,0.36,1
35,122518,841,41901,36,16,4,0,0.69,1
54,39611,573,22043,12,33,8,3,0.3,1
55,194863,680,15225,48,8,5,3,0.63,1
69,163022,628,14752,24,12,9,3,0.61,1
45,96240,778,8457,36,4,1,0,0.67,1
44,22745,314,47616,48,12,8,1,0.57,1
32,75243,815,14241,48,0,5,2,0.5,1
38,23866,490,5453,12,24,4,2,0.61,1
35,183317,467,14896,24,3,4,0,0.15,1
64,195796,820,26826,48,35,2,0,0.38,0
36,148681,436,15976,36,9,5,1,0.69,1
47,91354,453,38586,48,27,3,3,0.56,1
28,71374,687,9868,60,5,9,0,0.68,1
66,134397,508,21396,36,26,1,4,0.57,1
45,144577,571,36634,36,11,2,3,0.62,1
37,181188,442,17171,48,2,8,0,0.52,1
49,101029,368,29111,12,32,8,4,0.56,1
28,113574,546,38688,36,9,5,1,0.41,1
35,171519,560,26304,60,30,9,4,0.65,1
47,50431,378,47274,12,14,9,0,0.6,1
66,168980,824,44243,12,6,8,2,0.61,1
27,49336,629,33253,12,35,3,0,0.5,1
23,60992,488,35980,36,13,4,2,0.28,1
49,75350,394,7017,12,13,9,1,0.12,1
64,89561,307,12957,48,2,5,1,0.66,1
44,71955,366,47188,12,2,8,3,0.45,1
23,81240,795,9792,60,21,4,3,0.28,1
40,171165,490,18237,24,18,7,2,0.19,1
66,157227,665,21251,60,34,0,2,0.6,1
35,66607,820,24252,36,11,4,1,0.6,1
45,184559,416,15707,12,4,9,4,0.59,1
50,172035,566,39206,12,9,0,2,0.49,1
34,72870,784,33740,48,32,9,2,0.32,1
27,84110,808,8543,12,12,5,4,0.28,1
37,172008,597,49135,60,34,6,3,0.11,1
64,136895,463,44111,36,31,4,3,0.6,1
40,24426,675,40031,24,10,0,2,0.15,1
56,47606,567,47929,12,37,5,3,0.48,1
29,198904,848,5211,24,23,9,3,0.4,1
58,48151,373,44795,12,34,4,3,0.42,1
68,31308,807,5331,36,18,5,1,0.66,1
42,196743,372,28244,60,5,9,0,0.12,1
22,110306,607,13169,36,39,6,2,0.56,1
44,126984,498,27104,24,34,6,2,0.13,1
28,22204,429,46901,12,3,1,1,0.12,1
31,112769,786,19591,24,32,2,0,0.36,0
33,107265,450,36711,60,12,5,0,0.14,1
37,51131,505,5727,36,35,2,1,0.57,1
28,72428,478,26359,24,18,1,4,0.42,1
41,53870,496,48822,24,11,3,4,0.12,1
38,123547,388,41011,60,10,4,0,0.12,1
50,69067,733,42863,12,5,9,4,0.47,1
38,132217,482,27998,24,11,8,4,0.58,1
66,172679,508,15929,60,26,2,4,0.36,1
67,176040,792,19842,12,24,2,0,0.43,0
51,118934,429,28519,12,2,5,4,0.58,1
58,162980,312,22393,36,2,4,2,0.47,1
52,177495,405,39318,60,19,5,0,0.23,1
31,94707,674,13995,12,27,6,1,0.47,1
65,81215,398,33656,36,22,2,4,0.48,1
45,69429,491,45260,48,2,4,3,0.54,1
53,102152,624,20567,60,23,7,0,0.47,1
58,128048,766,33840,48,39,3,1,0.68,1
61,189530,666,28831,12,5,9,2,0.22,1
28,197241,617,18265,60,19,1,1,0.67,1
31,158731,443,10424,36,10,3,4,0.42,1
42,97240,683,25625,12,31,1,3,0.5,1
44,183865,515,19086,60,26,2,4,0.16,1
61,133688,660,34187,60,20,3,1,0.33,0
37,66473,623,40929,48,12,3,0,0.56,1
32,116762,314,25539,12,21,9,3,0.52,1
66,126956,516,30103,36,34,8,3,0.12,1
52,138452,791,32874,36,21,9,1,0.43,0
35,146311,846,14215,12,27,5,4,0.15,1
36,27006,482,44385,12,20,8,1,0.7,1
42,94218,569,27044,24,17,3,3,0.64,1
48,184912,766,16926,48,30,8,1,0.11,0
40,52430,818,36501,12,36,8,3,0.62,1
53,43091,841,34774,12,20,5,4,0.65,1
30,184055,766,30008,24,13,4,0,0.31,0
60,43989,604,22560,24,24,2,0,0.53,1
52,95451,443,29340,60,26,4,1,0.37,1
53,38990,410,29976,36,39,2,3,0.49,1
22,110270,531,32626,48,22,4,0,0.3,1
53,100360,799,37720,60,30,4,3,0.29,1
53,56081,572,40001,12,28,1,4,0.35,1
61,162105,472,9700,24,29,8,1,0.19,1
33,128272,306,48795,36,25,6,3,0.6,1
50,36241,454,12860,60,19,5,1,0.31,1
53,144932,821,12526,36,37,4,3,0.34,1
33,25939,845,43327,24,18,3,3,0.64,1
46,133000,847,44500,60,26,7,4,0.4,1
42,198634,817,7513,60,24,1,1,0.43,0
59,55063,514,12830,36,39,7,2,0.67,1
22,178117,433,19781,24,37,0,3,0.63,1
58,195841,584,12910,12,22,9,3,0.2,1
59,67118,425,20847,60,28,0,0,0.38,1
46,104703,738,10649,12,14,2,1,0.68,1
66,172697,451,14120,24,2,4,2,0.32,1
35,148557,630,6951,60,9,5,4,0.32,1
54,47076,837,15165,60,14,3,2,0.22,1
62,64605,682,19352,12,15,6,4,0.17,1
64,104565,414,14746,48,16,6,2,0.54,1
69,59121,781,48738,12,18,1,2,0.56,1
60,51433,583,33997,12,10,1,1,0.68,1
31,63309,374,46954,48,4,1,0,0.56,1
23,87468,465,29183,24,4,1,2,0.25,1
26,195326,488,13804,24,13,8,3,0.12,1
29,87293,377,32169,60,25,4,3,0.69,1
26,116258,320,5595,36,7,7,3,0.3,1
29,188925,483,34592,36,4,4,0,0.29,1
59,58405,521,45643,60,6,4,2,0.64,1
51,63527,627,25823,36,15,0,4,0.45,1
52,97227,478,10972,12,13,5,4,0.23,1
61,151564,411,20882,12,36,3,1,0.63,1
32,159883,358,5858,48,3,2,0,0.7,1
28,113344,626,10519,48,35,5,2,0.15,1
28,175344,490,28769,60,16,1,3,0.62,1
48,67153,499,30020,60,35,7,0,0.33,1
40,128042,611,47748,60,5,0,0,0.41,0
67,74110,334,42085,12,15,8,2,0.65,1
27,165051,678,24838,36,28,7,1,0.68,1
31,48328,686,49912,60,35,0,1,0.26,0
40,132911,536,17879,60,37,9,1,0.23,1
36,32867,818,38798,12,36,8,3,0.15,1
24,79234,582,47255,12,9,1,3,0.44,1
26,45851,300,29290,12,35,2,2,0.11,1
42,51279,763,15255,36,28,1,1,0.35,0
46,93402,529,6447,60,13,7,2,0.14,1
23,35449,471,48005,24,3,1,1,0.34,1
61,96221,386,34195,24,35,9,0,0.12,1
62,109080,422,7850,60,12,1,4,0.6,1
34,25451,597,33400,60,17,0,4,0.23,1
31,107178,783,16953,60,32,6,1,0.3,0
38,192388,464,45874,60,20,1,2,0.62,1
32,83761,682,28535,36,15,9,3,0.55,1
43,58870,508,15000,24,14,4,1,0.23,1
32,116566,731,14503,48,4,4,1,0.14,0
33,143749,688,20493,24,5,2,3,0.53,1
